기준년,시군별,세대수 (세대),인구-합계 (명),인구-남 (명),인구-여 (명),세대당인구 (명),65세이상 고령자 (명),평균연령 (세),인구밀도 (명/㎢),데이터기준일자
1990,전체,414567,1592512,808347,784165,3.8,,,94.2,2017-11-01
1990,춘천시,46500,174153,87703,86450,3.8,,,3268,2017-11-01
1990,원주시,43496,173013,87241,85772,4,,,2005,2017-11-01
1990,강릉시,39539,152605,76513,76092,3.9,,,200.1,2017-11-01
1990,동해시,23854,89162,44923,44239,3.7,,,495.3,2017-11-01
1990,태백시,23904,89770,46368,43402,3.8,,,346,2017-11-01
1990,속초시,19825,73796,36804,36992,3.7,,,703.4,2017-11-01
1990,삼척시,10544,41673,21388,20285,4,,,736.1,2017-11-01
1990,춘천군,10927,43629,22138,21491,4,,,41.9,2017-11-01
1990,홍천군,20032,77795,39304,38491,3.9,,,43.5,2017-11-01
1990,횡성군,13329,48487,24475,24012,3.6,,,48.1,2017-11-01
1990,원주군,12618,52161,27182,24979,4.1,,,66.8,2017-11-01
1990,영월군,16614,64588,33067,31521,3.9,,,58.7,2017-11-01
1990,평창군,14426,53257,27250,26007,3.7,,,36.5,2017-11-01
1990,정선군,23872,88382,45773,42609,3.7,,,73.6,2017-11-01
1990,철원군,14026,52603,26548,26055,3.8,,,63.9,2017-11-01
1990,화천군,8080,28876,14685,14191,3.6,,,30.2,2017-11-01
1990,양구군,7136,28649,14984,13665,4,,,46.5,2017-11-01
1990,인제군,10233,36592,18545,18047,3.6,,,18.9,2017-11-01
1990,고성군,11181,40910,20574,20336,3.7,,,65.8,2017-11-01
1990,양양군,8724,35640,17722,17918,4.1,,,57.2,2017-11-01
1990,명주군,18751,76356,39076,37280,4.1,,,80.8,2017-11-01
1990,삼척군,16956,70415,36084,34331,4.2,,,59.5,2017-11-01
1991,전체,421478,1563902,786137,777765,3.7,,,92.5,2017-11-01
1991,춘천시,50599,174035,86419,87616,3.4,,,3265.8,2017-11-01
1991,원주시,46818,164975,81807,83168,3.5,,,1959.6,2017-11-01
1991,강릉시,41135,147908,73688,74220,3.6,,,1937.5,2017-11-01
1991,동해시,25321,94445,47334,47111,3.7,,,524.7,2017-11-01
1991,태백시,22218,85770,43812,41958,3.9,,,330.6,2017-11-01
1991,속초시,20587,72208,35889,36319,3.5,,,688.2,2017-11-01
1991,삼척시,10864,40556,20302,20254,3.7,,,716.5,2017-11-01
1991,춘천군,11393,43034,21774,21260,3.8,,,41.4,2017-11-01
1991,홍천군,20641,80891,40752,40139,3.9,,,45.3,2017-11-01
1991,횡성군,13348,52354,26484,25870,3.9,,,52,2017-11-01
1991,원주군,13176,48891,24781,24110,3.7,,,62.6,2017-11-01
1991,영월군,15849,61611,30961,30650,3.9,,,55.9,2017-11-01
1991,평창군,14364,55488,28190,27298,3.9,,,38,2017-11-01
1991,정선군,22070,86637,44957,41680,3.9,,,72.2,2017-11-01
1991,철원군,14069,55273,27917,27356,3.9,,,67.1,2017-11-01
1991,화천군,7735,27504,13950,13554,3.6,,,28.8,2017-11-01
1991,양구군,6756,25764,12970,12794,3.8,,,41.7,2017-11-01
1991,인제군,9424,36472,18401,18071,3.9,,,18.8,2017-11-01
1991,고성군,11212,42640,21211,21429,3.8,,,58.6,2017-11-01
1991,양양군,8698,33014,16600,16414,3.8,,,53,2017-11-01
1991,명주군,18951,71355,35876,35479,3.8,,,75.5,2017-11-01
1991,삼척군,16250,63077,32062,31015,3.9,,,53.3,2017-11-01
1992,전체,432116,1555082,781263,773819,3.6,,,92,2017-11-01
1992,춘천시,52812,179372,88908,90464,3.4,,,3366,2017-11-01
1992,원주시,49281,171647,85208,86439,3.5,,,2040,2017-11-01
1992,강릉시,43319,151921,75406,76515,3.5,,,1990.1,2017-11-01
1992,동해시,26645,96336,48293,48043,3.6,,,535.2,2017-11-01
1992,태백시,20966,79363,40630,38733,3.8,,,305.9,2017-11-01
1992,속초시,21785,74798,37231,37567,3.4,,,712.8,2017-11-01
1992,삼척시,11499,41493,20854,20639,3.6,,,733.1,2017-11-01
1992,춘천군,11541,42290,21492,20798,3.7,,,40.6,2017-11-01
1992,홍천군,21101,79429,40083,39346,3.7,,,44.5,2017-11-01
1992,횡성군,13608,51481,26043,25438,3.8,,,51.1,2017-11-01
1992,원주군,13578,49164,24893,24271,3.6,,,63,2017-11-01
1992,영월군,16482,58783,29598,29185,3.6,,,53.4,2017-11-01
1992,평창군,14293,53354,27119,26235,3.7,,,36.5,2017-11-01
1992,정선군,21619,80133,41376,38757,3.7,,,66.8,2017-11-01
1992,철원군,14595,55202,27997,27205,3.8,,,67,2017-11-01
1992,화천군,7761,26752,13571,13181,3.4,,,28,2017-11-01
1992,양구군,6842,25303,12760,12543,3.7,,,41,2017-11-01
1992,인제군,9718,35696,18015,17681,3.7,,,18.4,2017-11-01
1992,고성군,11279,41606,20665,20941,3.7,,,67,2017-11-01
1992,양양군,8826,32299,16019,16280,3.6,,,51.8,2017-11-01
1992,명주군,19195,70107,35177,34930,3.6,,,74.2,2017-11-01
1992,삼척군,15371,58553,29925,28628,3.8,,,49.5,2017-11-01
1993,전체,440282,1540971,774150,766821,3.5,112599,,91.2,2017-11-01
1993,춘천시,54844,183414,90881,92533,3.3,,,3441.2,2017-11-01
1993,원주시,51352,176263,87483,88780,3.4,,,2092.1,2017-11-01
1993,강릉시,44656,153801,76371,77430,3.4,,,2014.9,2017-11-01
1993,동해시,27814,97799,49057,48742,3.5,,,542.7,2017-11-01
1993,태백시,19609,71905,36685,35220,3.7,,,278.3,2017-11-01
1993,속초시,23133,76646,38140,38506,3.3,,,731.6,2017-11-01
1993,삼척시,11858,41743,20968,20775,3.5,,,782.7,2017-11-01
1993,춘천군,11783,41689,21235,20454,3.5,,,40.1,2017-11-01
1993,홍천군,21445,78071,39493,38578,3.6,,,43.7,2017-11-01
1993,횡성군,13893,50365,25548,24817,3.6,,,50,2017-11-01
1993,원주군,14376,50442,25676,24766,3.5,,,64.6,2017-11-01
1993,영월군,16357,56478,28425,28053,3.5,,,51.3,2017-11-01
1993,평창군,14297,51724,26267,25457,3.6,,,35.4,2017-11-01
1993,정선군,20325,72900,37661,35239,3.6,,,60.7,2017-11-01
1993,철원군,14895,54747,27700,27047,3.7,,,66.5,2017-11-01
1993,화천군,7947,26630,13523,13107,3.4,,,27.9,2017-11-01
1993,양구군,6969,24835,12530,12305,3.6,,,40.1,2017-11-01
1993,인제군,9923,35263,17834,17429,3.6,,,18.2,2017-11-01
1993,고성군,11325,40490,20103,20387,3.6,,,65.1,2017-11-01
1993,양양군,9037,31934,15901,16033,3.5,,,51.2,2017-11-01
1993,명주군,19435,68824,34520,34304,3.5,,,72.8,2017-11-01
1993,삼척군,15009,55008,28149,26859,3.7,,,46.5,2017-11-01
1994,전체,447404,1530717,768704,762013,3.4,116015,,89.1,2017-11-01
1994,춘천시,56601,187442,92751,94691,3.3,,,3516.1,2017-11-01
1994,원주시,52996,180232,89408,90824,3.4,,,2139.3,2017-11-01
1994,강릉시,45922,155659,77242,78417,3.4,,,2038.5,2017-11-01
1994,동해시,28783,99169,49828,49341,3.4,,,550.2,2017-11-01
1994,태백시,19063,68151,34792,33359,3.6,,,224.8,2017-11-01
1994,속초시,24414,78622,39107,39515,3.2,,,750.4,2017-11-01
1994,삼척시,12043,41856,21009,20847,3.5,,,784.7,2017-11-01
1994,춘천군,11909,40886,20861,20025,3.4,,,38.5,2017-11-01
1994,홍천군,21802,76954,38908,38046,3.5,,,42.3,2017-11-01
1994,횡성군,14080,49412,25074,24338,3.5,,,49.5,2017-11-01
1994,원주군,14937,50995,25997,24998,3.4,,,65.4,2017-11-01
1994,영월군,16348,54889,27673,27216,3.4,,,48.7,2017-11-01
1994,평창군,14458,50548,25633,24915,3.5,,,34.5,2017-11-01
1994,정선군,19063,66169,34125,32044,3.5,,,54.2,2017-11-01
1994,철원군,15183,54308,27525,26783,3.6,,,65.9,2017-11-01
1994,화천군,8119,26322,13432,12890,3.2,,,28.9,2017-11-01
1994,양구군,7096,24593,12450,12143,3.5,,,39.7,2017-11-01
1994,인제군,10229,35317,17956,17361,3.5,,,19.1,2017-11-01
1994,고성군,11397,39465,19630,19835,3.5,,,63.4,2017-11-01
1994,양양군,9103,31317,15541,15776,3.4,,,33.7,2017-11-01
1994,명주군,19577,67481,33872,33609,3.4,,,70,2017-11-01
1994,삼척군,14281,50930,25890,25040,3.6,,,45,2017-11-01
1995,전체,459469,1530000,768706,761294,3.3,,,90.7,2017-11-01
1995,춘천시,70971,233016,115760,117256,3.3,,,208.7,2017-11-01
1995,원주시,71199,238027,118824,119203,3.3,,,275,2017-11-01
1995,강릉시,67200,223775,111411,112364,3.3,,,215.2,2017-11-01
1995,동해시,30016,100329,50447,49882,3.3,,,556.7,2017-11-01
1995,태백시,18792,64877,33117,31760,3.5,,,214,2017-11-01
1995,속초시,25792,80709,40076,40633,3.1,,,770.1,2017-11-01
1995,삼척시,26440,90043,45591,44452,3.4,,,75.9,2017-11-01
1995,홍천군,22273,75976,38557,37419,3.4,,,41.8,2017-11-01
1995,횡성군,14408,48864,24881,23983,3.4,,,49,2017-11-01
1995,영월군,16514,53405,26901,26504,3.2,,,47.4,2017-11-01
1995,평창군,14836,49789,25288,24501,3.4,,,34,2017-11-01
1995,정선군,18203,61121,31539,29582,3.4,,,50.1,2017-11-01
1995,철원군,15656,54310,27562,26748,3.5,,,60.4,2017-11-01
1995,화천군,8344,26326,13481,12845,3.2,,,28.9,2017-11-01
1995,양구군,7279,24244,12335,11909,3.3,,,34.6,2017-11-01
1995,인제군,10528,35093,17929,17164,3.3,,,21.3,2017-11-01
1995,고성군,11708,39015,19543,19472,3.3,,,58.8,2017-11-01
1995,양양군,9310,31081,15464,15617,3.3,,,49.4,2017-11-01
1996,전체,472206,1531337,769059,762278,3.2,123217,,90.8,2017-11-01
1996,춘천시,73291,236303,117265,119038,3.2,17610,,211.6,2017-11-01
1996,원주시,74908,245398,122678,122720,3.3,16752,,282.8,2017-11-01
1996,강릉시,69188,224513,111674,112839,3.2,16919,,215.9,2017-11-01
1996,동해시,31229,101985,51188,50797,3.3,6798,,565.8,2017-11-01
1996,태백시,18626,62489,31851,30638,3.4,3442,,206.2,2017-11-01
1996,속초시,27022,82568,40845,41723,3.1,5576,,787.9,2017-11-01
1996,삼척시,26514,87370,44120,43250,3.3,7776,,73.7,2017-11-01
1996,홍천군,22926,75570,38364,37206,3.3,7568,,41.6,2017-11-01
1996,횡성군,14680,48285,24618,23667,3.3,5775,,48.4,2017-11-01
1996,영월군,16532,51809,26095,25714,3.1,5449,,46,2017-11-01
1996,평창군,15378,49387,25082,24305,3.2,4912,,33.8,2017-11-01
1996,정선군,17688,57362,29617,27745,3.2,4795,,47,2017-11-01
1996,철원군,16096,54366,27664,26702,3.4,4686,,60.4,2017-11-01
1996,화천군,8510,26051,13476,12575,3.1,2494,,28.6,2017-11-01
1996,양구군,7439,24080,12280,11800,3.2,2264,,34.4,2017-11-01
1996,인제군,10736,34696,17753,16943,3.2,3086,,21.1,2017-11-01
1996,고성군,11818,38161,19094,19067,3.2,3993,,57.5,2017-11-01
1996,양양군,9625,30944,15395,15549,3.2,3322,,49.2,2017-11-01
1997,전체,487412,1540307,773953,766354,3.2,127124,,91,2017-11-01
1997,춘천시,76457,240883,119510,121373,3.2,18291,,216,2017-11-01
1997,원주시,79826,255259,127631,127628,3.2,17751,,294,2017-11-01
1997,강릉시,71140,226014,112482,113532,3.2,17462,,217,2017-11-01
1997,동해시,32386,103201,52017,51184,3.2,7009,,573,2017-11-01
1997,태백시,18567,60483,30820,29663,3.3,3549,,199,2017-11-01
1997,속초시,28575,85427,42338,43089,3,5798,,814,2017-11-01
1997,삼척시,26833,86103,43524,42579,3.2,8087,,73,2017-11-01
1997,홍천군,23544,75200,38224,36976,3.2,7757,,41,2017-11-01
1997,횡성군,14728,47273,24118,23155,3.2,5794,,47,2017-11-01
1997,영월군,16599,50529,25490,25039,3,5562,,45,2017-11-01
1997,평창군,15800,48865,24750,24115,3.1,5012,,33,2017-11-01
1997,정선군,17433,54691,28253,26438,3.1,4964,,45,2017-11-01
1997,철원군,16569,54293,27642,26651,3.3,4740,,60,2017-11-01
1997,화천군,8636,25662,13240,12422,3,2532,,28,2017-11-01
1997,양구군,7519,23824,12188,11636,3.2,2280,,34,2017-11-01
1997,인제군,10882,34215,17487,16728,3.1,3118,,21,2017-11-01
1997,고성군,11951,37429,18800,18629,3.1,4011,,56,2017-11-01
1997,양양군,9967,30956,15439,15517,3.1,3407,,49,2017-11-01
1998,전체,500668,1555483,782601,772882,3.1,132125,,92.2,2017-11-01
1998,춘천시,78843,244747,121458,123289,3.1,18973,,219.2,2017-11-01
1998,원주시,82395,261076,130571,130505,3.2,18763,,300.9,2017-11-01
1998,강릉시,73705,229876,114735,115141,3.1,18314,,221,2017-11-01
1998,동해시,33022,103551,52274,51277,3.1,7303,,574.4,2017-11-01
1998,태백시,18794,59930,30564,29366,3.2,3727,,197.4,2017-11-01
1998,속초시,29729,87070,43234,43836,2.9,5974,,829.6,2017-11-01
1998,삼척시,27455,85918,43506,42412,3.1,8358,,72.5,2017-11-01
1998,홍천군,24007,75353,38312,37041,3.1,8081,,41.5,2017-11-01
1998,횡성군,14949,47529,24324,23205,3.2,5960,,47.6,2017-11-01
1998,영월군,16952,50325,25505,24820,3,5754,,44.6,2017-11-01
1998,평창군,16103,48803,24769,24034,3,5185,,33.3,2017-11-01
1998,정선군,17625,53874,27816,26058,3.1,5131,,44.1,2017-11-01
1998,철원군,16975,54601,27847,26754,3.2,4845,,60.7,2017-11-01
1998,화천군,8818,25943,13352,12591,2.9,2640,,28.5,2017-11-01
1998,양구군,7794,24071,12311,11760,3.1,2356,,34.3,2017-11-01
1998,인제군,11112,34315,17604,16711,3.1,3176,,20.8,2017-11-01
1998,고성군,12127,37367,18806,18561,3.1,4095,,56.3,2017-11-01
1998,양양군,10263,31134,15613,15521,3,3490,,49.5,2017-11-01
1999,전체,511060,1560043,784484,775559,3.1,137587,,92.5,2017-11-01
1999,춘천시,81288,249075,123406,125669,3.1,19854,,223.1,2017-11-01
1999,원주시,84903,265833,132853,132980,3.1,19764,,306.3,2017-11-01
1999,강릉시,75817,232575,116202,116373,3.1,18995,,223.6,2017-11-01
1999,동해시,33674,103806,52396,51410,3.1,7645,,576.5,2017-11-01
1999,태백시,18968,58624,29912,28712,3.1,4000,,193.1,2017-11-01
1999,속초시,30891,88914,44160,44754,2.9,6343,,847.1,2017-11-01
1999,삼척시,27647,84606,42789,41817,3.1,8753,,71.3,2017-11-01
1999,홍천군,24525,75051,38129,36922,3.1,8444,,41.3,2017-11-01
1999,횡성군,15032,46986,24030,22956,3.1,6184,,47.1,2017-11-01
1999,영월군,17125,49787,25167,24620,2.9,6037,,44.2,2017-11-01
1999,평창군,16119,48066,24456,23610,3,5290,,32.8,2017-11-01
1999,정선군,17307,51768,26769,24999,3,5269,,42.4,2017-11-01
1999,철원군,17164,54040,27592,26448,3.1,4898,,60.1,2017-11-01
1999,화천군,8865,25575,13086,12489,2.9,2725,,28.1,2017-11-01
1999,양구군,7911,23812,12167,11645,3,2405,,34,2017-11-01
1999,인제군,11294,34120,17523,16597,3,3258,,20.7,2017-11-01
1999,고성군,12118,36429,18306,18123,3,4139,,54.8,2017-11-01
1999,양양군,10412,30976,15541,15435,3,3584,,49.3,2017-11-01
2000,전체,521728,1559042,783469,775573,3,143945,,92.4,2017-11-01
2000,춘천시,83844,251991,124893,127098,3,20884,,225.7,2017-11-01
2000,원주시,88050,270891,135353,135538,3.1,20854,,312.2,2017-11-01
2000,강릉시,77753,233812,116718,117094,3,20035,,224.8,2017-11-01
2000,동해시,34200,104409,52772,51637,3.1,7987,,579.8,2017-11-01
2000,태백시,19042,57067,29133,27934,3,4148,,188,2017-11-01
2000,속초시,32019,90201,44717,45484,2.8,6751,,857.1,2017-11-01
2000,삼척시,27655,82255,41481,40774,3,9159,,69.4,2017-11-01
2000,홍천군,24930,74637,37811,36826,3,8884,,41.1,2017-11-01
2000,횡성군,15149,46158,23631,22527,3,6371,,46.3,2017-11-01
2000,영월군,17068,48437,24441,23996,2.8,6271,,43,2017-11-01
2000,평창군,16251,47190,23886,23304,2.9,5463,,32.2,2017-11-01
2000,정선군,17570,50631,26148,24483,2.9,5399,,41.5,2017-11-01
2000,철원군,17351,53329,27162,26167,3.1,5082,,59.3,2017-11-01
2000,화천군,8950,25236,12935,12301,2.8,2793,,27.8,2017-11-01
2000,양구군,7908,23483,11994,11489,3,2507,,33.5,2017-11-01
2000,인제군,11405,33646,17311,16335,3,3338,,20.4,2017-11-01
2000,고성군,12089,35475,17827,17648,2.9,4221,,53.4,2017-11-01
2000,양양군,10494,30194,15256,14938,2.9,3798,,48,2017-11-01
2001,전체,531123,1556904,780995,775909,2.9,151783,,92.3,2017-11-01
2001,춘천시,84886,252019,124883,127136,3,22167,,225.7,2017-11-01
2001,원주시,90841,275217,137507,137710,3,22215,,317.2,2017-11-01
2001,강릉시,78910,232664,116068,116596,2.9,20961,,223.7,2017-11-01
2001,동해시,34845,103933,52343,51590,3,8307,,577.3,2017-11-01
2001,태백시,19467,56254,28648,27606,2.9,4496,,185.3,2017-11-01
2001,속초시,32782,90543,44786,45757,2.8,7063,,860.3,2017-11-01
2001,삼척시,27523,79862,40204,39658,2.9,9482,,67.4,2017-11-01
2001,홍천군,25585,74224,37603,36621,2.9,9445,,40.8,2017-11-01
2001,횡성군,15406,45701,23391,22310,3,6750,,45.8,2017-11-01
2001,영월군,18003,52151,25727,26424,2.9,6754,,46.3,2017-11-01
2001,평창군,16523,46564,23546,23018,2.8,5814,,31.8,2017-11-01
2001,정선군,17568,49111,25343,23768,2.8,5538,,40.2,2017-11-01
2001,철원군,17331,52224,26496,25728,3,5251,,58.1,2017-11-01
2001,화천군,9040,25026,12858,12168,2.8,2970,,27.5,2017-11-01
2001,양구군,8004,23274,11834,11440,2.9,2649,,33.2,2017-11-01
2001,인제군,11421,33133,16979,16154,2.9,3544,,20.1,2017-11-01
2001,고성군,12216,34728,17457,17271,2.8,4400,,52.3,2017-11-01
2001,양양군,10772,30276,15322,14954,2.8,3977,,48.2,2017-11-01
2002,전체,538613,1543665,774281,769384,2.9,158924,,91.5,2017-11-01
2002,춘천시,86815,253532,125430,128102,2.9,23414,,227.1,2017-11-01
2002,원주시,93396,277987,138828,139159,3,23369,,320.5,2017-11-01
2002,강릉시,80043,230714,115057,115657,2.9,21911,,221.8,2017-11-01
2002,동해시,35436,103039,51828,51211,2.9,8667,,572.4,2017-11-01
2002,태백시,19722,55233,28123,27110,2.8,4726,,181.9,2017-11-01
2002,속초시,33258,90447,44765,45682,2.7,7413,,859.4,2017-11-01
2002,삼척시,27510,77555,39079,38476,2.8,9812,,65.4,2017-11-01
2002,홍천군,25666,72805,36916,35889,2.8,9943,,40,2017-11-01
2002,횡성군,15722,45424,23205,22219,2.9,7101,,45.5,2017-11-01
2002,영월군,16983,45339,22843,22496,2.7,6709,,40.2,2017-11-01
2002,평창군,16971,46347,23464,22883,2.7,6125,,31.7,2017-11-01
2002,정선군,18182,51299,26111,25188,2.8,5943,,42,2017-11-01
2002,철원군,17127,50682,25705,24977,3,5455,,56.4,2017-11-01
2002,화천군,8889,24145,12342,11803,2.7,3101,,26.6,2017-11-01
2002,양구군,7984,22621,11498,11123,2.8,2737,,32.3,2017-11-01
2002,인제군,11524,32505,16704,15801,2.8,3710,,19.7,2017-11-01
2002,고성군,12287,33818,17098,16720,2.8,4606,,50.9,2017-11-01
2002,양양군,11098,30173,15285,14888,2.7,4182,,48,2017-11-01
2003,전체,552319,1533331,770529,762802,2.8,166674,,90.9,2017-11-01
2003,춘천시,89901,254366,125726,128640,2.8,24777,,227.9,2017-11-01
2003,원주시,97162,282025,140779,141246,2.9,24927,,325.2,2017-11-01
2003,강릉시,82020,230080,114787,115293,2.8,23034,,221.2,2017-11-01
2003,동해시,36092,102032,51388,50644,2.8,9103,,566.8,2017-11-01
2003,태백시,19870,54043,27493,26550,2.7,4998,,178,2017-11-01
2003,속초시,33848,89458,44242,45216,2.6,7675,,850,2017-11-01
2003,삼척시,27748,75941,38299,37642,2.7,10134,,64,2017-11-01
2003,홍천군,25809,71733,36443,35290,2.8,10355,,39.5,2017-11-01
2003,횡성군,15852,44599,22791,21808,2.8,7390,,44.7,2017-11-01
2003,영월군,17004,44134,22281,21853,2.6,6997,,39.2,2017-11-01
2003,평창군,17881,46531,23611,22920,2.6,6471,,31.8,2017-11-01
2003,정선군,18145,46362,23961,22401,2.6,5923,,38,2017-11-01
2003,철원군,17765,50450,25895,24555,2.8,5690,,56.1,2017-11-01
2003,화천군,9784,24631,13009,11622,2.5,3260,,27.1,2017-11-01
2003,양구군,8132,22146,11408,10738,2.7,2851,,31.6,2017-11-01
2003,인제군,11738,32188,16667,15521,2.7,3914,,19.6,2017-11-01
2003,고성군,12326,32868,16611,16257,2.7,4809,,49.5,2017-11-01
2003,양양군,11242,29744,15138,14606,2.6,4366,,47.3,2017-11-01
2004,전체,563355,1528640,768714,759926,2.7,175187,,90.6,2017-11-01
2004,춘천시,92873,255563,126580,128983,2.8,26272,,228.9,2017-11-01
2004,원주시,100691,286136,142730,143406,2.8,26408,,329.9,2017-11-01
2004,강릉시,83086,228325,113842,114483,2.7,24103,,219.5,2017-11-01
2004,동해시,36445,101048,51012,50036,2.8,9553,,561.2,2017-11-01
2004,태백시,20141,53384,27221,26163,2.7,5345,,175.9,2017-11-01
2004,속초시,34012,88386,43664,44722,2.6,8044,,839.6,2017-11-01
2004,삼척시,27947,74577,37693,36884,2.7,10536,,62.9,2017-11-01
2004,홍천군,26896,72317,36902,35415,2.7,10837,,39.8,2017-11-01
2004,횡성군,16386,44557,22772,21785,2.7,7741,,44.6,2017-11-01
2004,영월군,16733,42618,21575,21043,2.5,7270,,37.8,2017-11-01
2004,평창군,17707,45482,23100,22382,2.6,6829,,31.1,2017-11-01
2004,정선군,18314,45633,23548,22085,2.5,6187,,37.4,2017-11-01
2004,철원군,18025,49908,25647,24261,2.8,5960,,55.5,2017-11-01
2004,화천군,9796,24356,12755,11601,2.5,3424,,26.8,2017-11-01
2004,양구군,8192,21891,11301,10590,2.7,2952,,31.2,2017-11-01
2004,인제군,12200,32563,16897,15666,2.7,4128,,19.8,2017-11-01
2004,고성군,12484,32532,16488,16044,2.6,5050,,49,2017-11-01
2004,양양군,11427,29364,14987,14377,2.6,4548,,46.7,2017-11-01
2005,전체,574019,1521099,764840,756259,2.6,183471,,90.1,2017-11-01
2005,춘천시,94957,256455,126836,129619,2.7,27645,,229.6,2017-11-01
2005,원주시,104779,290073,144749,145324,2.8,27768,,334.5,2017-11-01
2005,강릉시,84259,225595,112349,113246,2.7,25146,,216.9,2017-11-01
2005,동해시,36713,99547,50292,49255,2.7,9979,,552.9,2017-11-01
2005,태백시,20320,52614,26921,25693,2.6,5596,,173.3,2017-11-01
2005,속초시,34484,87583,43258,44325,2.5,8469,,832,2017-11-01
2005,삼척시,28277,73434,37055,36379,2.6,10971,,61.9,2017-11-01
2005,홍천군,26997,71324,36417,34907,2.6,11263,,39.2,2017-11-01
2005,횡성군,16704,43991,22481,21510,2.6,8086,,44.1,2017-11-01
2005,영월군,16830,41783,21211,20572,2.5,7557,,37.1,2017-11-01
2005,평창군,18021,45223,22988,22235,2.5,7191,,30.9,2017-11-01
2005,정선군,18382,44402,22938,21464,2.4,6479,,36.4,2017-11-01
2005,철원군,18087,49167,25286,23881,2.7,6287,,54.7,2017-11-01
2005,화천군,9731,23822,12471,11351,2.4,3574,,26.2,2017-11-01
2005,양구군,8261,21637,11143,10494,2.6,3089,,30.9,2017-11-01
2005,인제군,12796,32934,17193,15741,2.6,4309,,20,2017-11-01
2005,고성군,12698,32167,16334,15833,2.5,5222,,48.4,2017-11-01
2005,양양군,11723,29348,14918,14430,2.5,4840,,46.7,2017-11-01
2006,전체,583890,1515672,762233,753439,2.6,192012,,89.8,2017-11-01
2006,춘천시,96802,258068,127584,130484,2.7,29209,,231.1,2017-11-01
2006,원주시,110023,296251,147849,148402,2.7,29415,,341.6,2017-11-01
2006,강릉시,85372,223499,111405,112094,2.6,26270,,214.9,2017-11-01
2006,동해시,36760,97935,49501,48434,2.7,10444,,543.9,2017-11-01
2006,태백시,20386,51770,26561,25209,2.5,5880,,170.6,2017-11-01
2006,속초시,34921,86684,42799,43885,2.5,8918,,823.4,2017-11-01
2006,삼척시,28366,72187,36401,35786,2.5,11273,,60.9,2017-11-01
2006,홍천군,27197,70651,36065,34586,2.6,11678,,38.9,2017-11-01
2006,횡성군,16883,43485,22211,21274,2.6,8406,,43.6,2017-11-01
2006,영월군,16834,40775,20706,20069,2.4,7759,,36.2,2017-11-01
2006,평창군,18226,44595,22731,21864,2.4,7498,,30.5,2017-11-01
2006,정선군,18294,43432,22480,20952,2.4,6705,,35.6,2017-11-01
2006,철원군,18016,48260,24853,23407,2.7,6572,,53.7,2017-11-01
2006,화천군,9754,23457,12291,11166,2.4,3766,,25.8,2017-11-01
2006,양구군,8396,21446,11052,10394,2.6,3222,,30.6,2017-11-01
2006,인제군,12963,32619,17027,15592,2.5,4530,,19.8,2017-11-01
2006,고성군,12793,31641,16025,15616,2.5,5440,,47.6,2017-11-01
2006,양양군,11904,28917,14692,14225,2.4,5027,,46,2017-11-01
2007,전체,594360,1515800,762219,753581,2.6,202198,,89.8,2017-11-01
2007,춘천시,98900,260439,128614,131825,2.6,30916,,233.2,2017-11-01
2007,원주시,113465,301101,150306,150795,2.7,30942,,347.1,2017-11-01
2007,강릉시,86364,222100,110730,111370,2.6,27746,,213.6,2017-11-01
2007,동해시,37204,97199,49081,48118,2.6,11147,,539.8,2017-11-01
2007,태백시,20843,51697,26448,25249,2.5,6326,,170.3,2017-11-01
2007,속초시,35291,86104,42446,43658,2.4,9432,,817.8,2017-11-01
2007,삼척시,28681,71256,35894,35362,2.5,11773,,60.1,2017-11-01
2007,홍천군,27776,70929,36197,34732,2.6,12130,,39,2017-11-01
2007,횡성군,17529,43799,22395,21404,2.5,8794,,43.9,2017-11-01
2007,영월군,17195,40595,20629,19966,2.4,8108,,36,2017-11-01
2007,평창군,18499,44303,22665,21638,2.4,7754,,30.3,2017-11-01
2007,정선군,18114,42048,21723,20325,2.3,7037,,34.5,2017-11-01
2007,철원군,18097,47719,24511,23208,2.6,6970,,53.1,2017-11-01
2007,화천군,9764,23107,12173,10934,2.4,3969,,25.4,2017-11-01
2007,양구군,8716,21594,11224,10370,2.5,3415,,30.8,2017-11-01
2007,인제군,13043,32317,16934,15383,2.5,4735,,19.6,2017-11-01
2007,고성군,12757,30794,15647,15147,2.4,5694,,46.4,2017-11-01
2007,양양군,12122,28699,14602,14097,2.4,5310,,45.6,2017-11-01
2008,전체,606950,1521467,765413,756054,2.5,209922,,90.2,2017-11-01
2008,춘천시,101758,264557,130606,133951,2.6,32406,,236.9,2017-11-01
2008,원주시,116514,306350,152787,153563,2.6,32324,,353.2,2017-11-01
2008,강릉시,86939,220097,109659,110438,2.5,28670,,211.7,2017-11-01
2008,동해시,37512,96241,48674,47567,2.6,11595,,534.5,2017-11-01
2008,태백시,21131,51285,26175,25110,2.4,6632,,169,2017-11-01
2008,속초시,35615,85349,42075,43274,2.4,9853,,810.5,2017-11-01
2008,삼척시,29736,71431,36159,35272,2.4,12125,,60.2,2017-11-01
2008,홍천군,28486,71160,36225,34935,2.5,12514,,39.1,2017-11-01
2008,횡성군,17942,44043,22510,21533,2.5,9030,,44.1,2017-11-01
2008,영월군,17529,40475,20522,19953,2.3,8333,,35.9,2017-11-01
2008,평창군,18712,44063,22577,21486,2.4,7959,,30.1,2017-11-01
2008,정선군,18292,41551,21494,20057,2.3,7269,,34.1,2017-11-01
2008,철원군,18756,48066,24885,23181,2.6,7301,,53.5,2017-11-01
2008,화천군,10813,24283,13132,11151,2.2,4122,,26.7,2017-11-01
2008,양구군,8875,21525,11231,10294,2.4,3515,,30.7,2017-11-01
2008,인제군,12977,31911,16662,15249,2.5,4861,,19.4,2017-11-01
2008,고성군,13136,30734,15658,15076,2.3,5873,,46.3,2017-11-01
2008,양양군,12227,28346,14382,13964,2.3,5540,,45.1,2017-11-01
2009,전체,617693,1525542,767155,758387,2.5,217230,,90.4,2017-11-01
2009,춘천시,104022,267514,132023,135491,2.6,33696,,239.6,2017-11-01
2009,원주시,119306,310276,154656,155620,2.6,33410,,357.7,2017-11-01
2009,강릉시,87636,219067,108892,110175,2.5,29851,,210.7,2017-11-01
2009,동해시,38053,95850,48493,47357,2.5,12100,,532.1,2017-11-01
2009,태백시,21182,50730,25881,24849,2.4,6870,,167.1,2017-11-01
2009,속초시,35787,84568,41680,42888,2.4,10204,,803,2017-11-01
2009,삼척시,31233,72431,36723,35708,2.3,12499,,61.1,2017-11-01
2009,홍천군,28707,70264,35819,34445,2.4,12825,,38.6,2017-11-01
2009,횡성군,18491,44671,22836,21835,2.4,9311,,44.8,2017-11-01
2009,영월군,17945,40522,20561,19961,2.3,8547,,35.9,2017-11-01
2009,평창군,19027,43989,22538,21451,2.3,8170,,30,2017-11-01
2009,정선군,18417,41000,21207,19793,2.2,7452,,33.6,2017-11-01
2009,철원군,18889,48054,24743,23311,2.5,7600,,53.5,2017-11-01
2009,화천군,11038,24377,13231,11146,2.2,4238,,26.8,2017-11-01
2009,양구군,8989,21526,11204,10322,2.4,3666,,30.7,2017-11-01
2009,인제군,13015,31705,16476,15229,2.4,4996,,19.3,2017-11-01
2009,고성군,13562,30802,15848,14954,2.3,6065,,46.4,2017-11-01
2009,양양군,12394,28196,14344,13852,2.3,5730,,44.8,2017-11-01
2010,전체,639001,1543555,776292,767263,2.4,226505,,91.5,2017-11-01
2010,춘천시,108140,272739,134527,138212,2.5,35384,,244.3,2017-11-01
2010,원주시,123983,317094,157929,159165,2.6,34853,,363.4,2017-11-01
2010,강릉시,89984,220121,109372,110749,2.4,31250,,211.7,2017-11-01
2010,동해시,38932,95797,48431,47366,2.5,12566,,531.7,2017-11-01
2010,태백시,22292,51112,26069,25043,2.3,7536,,168.4,2017-11-01
2010,속초시,36671,85034,41958,43076,2.3,10677,,807.1,2017-11-01
2010,삼척시,32482,72584,36646,35938,2.2,12901,,61.2,2017-11-01
2010,홍천군,29280,70882,36068,34814,2.4,13188,,39,2017-11-01
2010,횡성군,18960,44853,22847,22006,2.4,9614,,45,2017-11-01
2010,영월군,18505,40674,20665,20009,2.2,8744,,36.1,2017-11-01
2010,평창군,19392,43939,22487,21452,2.3,8470,,30,2017-11-01
2010,정선군,19210,41429,21415,20014,2.2,7901,,34,2017-11-01
2010,철원군,20316,49463,25820,23643,2.4,7966,,55.1,2017-11-01
2010,화천군,11370,24609,13360,11249,2.2,4406,,27.1,2017-11-01
2010,양구군,9407,22180,11533,10647,2.4,3756,,31.6,2017-11-01
2010,인제군,13528,32175,16871,15304,2.4,5107,,19.6,2017-11-01
2010,고성군,13975,30615,15853,14762,2.2,6246,,46.4,2017-11-01
2010,양양군,12574,28255,14441,13814,2.2,5940,,44.9,2017-11-01
2011,전체,648649,1549780,779422,770358,2.4,233219,,91.9,2017-11-01
2011,춘천시,110075,275655,135818,139837,2.5,36774,,246.9,2017-11-01
2011,원주시,128436,323026,160798,162228,2.5,36202,,370.3,2017-11-01
2011,강릉시,90090,219152,109009,110143,2.4,32235,,210.7,2017-11-01
2011,동해시,39411,96366,48572,47794,2.4,12985,,534.8,2017-11-01
2011,태백시,22230,50435,25604,24831,2.3,7708,,166.2,2017-11-01
2011,속초시,36579,84489,41706,42783,2.3,11036,,801.5,2017-11-01
2011,삼척시,33388,72848,36923,35925,2.2,13085,,61.4,2017-11-01
2011,홍천군,29648,70734,36003,34731,2.4,13524,,38.9,2017-11-01
2011,횡성군,19160,44878,22825,22053,2.3,9860,,45,2017-11-01
2011,영월군,18668,40481,20579,19902,2.2,8890,,35.9,2017-11-01
2011,평창군,19569,43899,22451,21448,2.2,8685,,30,2017-11-01
2011,정선군,18968,40514,20903,19611,2.1,7978,,33.2,2017-11-01
2011,철원군,19970,48574,25175,23399,2.4,8143,,54.6,2017-11-01
2011,화천군,11716,25132,13702,11430,2.1,4510,,27.7,2017-11-01
2011,양구군,9775,22568,11858,10710,2.3,3802,,32.2,2017-11-01
2011,인제군,13935,32299,17179,15120,2.3,5212,,19.6,2017-11-01
2011,고성군,14248,30485,15877,14608,2.1,6446,,46.2,2017-11-01
2011,양양군,12783,28245,14440,13805,2.2,6144,,44.9,2017-11-01
2012,전체,655301,1551531,780172,771359,2.4,241694,,92,2017-11-01
2012,춘천시,110596,276131,136042,140089,2.5,38278,,247.3,2017-11-01
2012,원주시,130617,326321,162310,164011,2.5,37620,,374,2017-11-01
2012,강릉시,91332,219274,109002,110272,2.4,33639,,210.8,2017-11-01
2012,동해시,39002,94440,47654,46786,2.4,13379,,524.1,2017-11-01
2012,태백시,22258,49756,25199,24557,2.2,8014,,164,2017-11-01
2012,속초시,36745,84279,41578,42701,2.3,11532,,798.2,2017-11-01
2012,삼척시,34066,73194,37287,35907,2.1,13454,,61.7,2017-11-01
2012,홍천군,29894,70401,35836,34565,2.4,13852,,38.7,2017-11-01
2012,횡성군,19461,45104,22905,22199,2.3,10277,,45.2,2017-11-01
2012,영월군,18881,40439,20545,19894,2.1,9120,,35.9,2017-11-01
2012,평창군,19783,43912,22390,21522,2.2,8992,,30,2017-11-01
2012,정선군,19058,40240,20779,19461,2.1,8185,,33,2017-11-01
2012,철원군,19975,48469,25017,23452,2.4,8479,,54.5,2017-11-01
2012,화천군,11686,25194,13625,11569,2.2,4603,,27.7,2017-11-01
2012,양구군,10051,23039,12156,10883,2.3,3887,,32.8,2017-11-01
2012,인제군,14348,32769,17544,15225,2.3,5396,,19.9,2017-11-01
2012,고성군,14663,30516,16019,14497,2.1,6600,,45.9,2017-11-01
2012,양양군,12885,28053,14284,13769,2.2,6387,,44.5,2017-11-01
2013,전체,664913,1555672,782828,772844,2.3,249539,,92.2,2017-11-01
2013,춘천시,111313,277353,136627,140726,2.5,39467,,248.4,2017-11-01
2013,원주시,132207,327381,162876,164505,2.5,38812,,375.3,2017-11-01
2013,강릉시,92412,218369,108395,109974,2.4,34855,,209.9,2017-11-01
2013,동해시,40093,95714,48388,47326,2.4,14006,,531.2,2017-11-01
2013,태백시,22204,49058,24854,24204,2.2,8379,,161.7,2017-11-01
2013,속초시,36946,83803,41342,42461,2.3,11894,,793.4,2017-11-01
2013,삼척시,35362,73783,37829,35954,2.1,13916,,62.2,2017-11-01
2013,홍천군,30885,71360,36531,34829,2.3,14159,,39.2,2017-11-01
2013,횡성군,19960,45490,23160,22330,2.3,10631,,45.6,2017-11-01
2013,영월군,19111,40398,20552,19846,2.1,9391,,35.8,2017-11-01
2013,평창군,20030,43996,22428,21568,2.2,9318,,30.1,2017-11-01
2013,정선군,19330,40310,20758,19552,2.1,8503,,33,2017-11-01
2013,철원군,19835,48057,24729,23328,2.4,8713,,54,2017-11-01
2013,화천군,11734,25279,13592,11687,2.2,4668,,27.8,2017-11-01
2013,양구군,10507,23828,12613,11215,2.3,4009,,33.9,2017-11-01
2013,인제군,14474,32827,17505,15322,2.3,5472,,20,2017-11-01
2013,고성군,15377,30743,16383,14360,2,6761,,46.3,2017-11-01
2013,양양군,13133,27923,14266,13657,2.1,6585,,44.3,2017-11-01
2014,전체,673978,1558885,785023,773862,2.3,255930,,92.4,2017-11-01
2014,춘천시,113095,278840,137314,141526,2.5,40376,,249.8,2017-11-01
2014,원주시,134487,330134,164246,165888,2.5,39862,,380.4,2017-11-01
2014,강릉시,93007,217464,107935,109529,2.3,36009,,209,2017-11-01
2014,동해시,40208,95203,48185,47018,2.4,14456,,528.3,2017-11-01
2014,태백시,22352,48547,24589,23958,2.2,8716,,160,2017-11-01
2014,속초시,37032,83194,41059,42135,2.2,12261,,787.1,2017-11-01
2014,삼척시,35204,72939,37246,35693,2.1,14245,,61.5,2017-11-01
2014,홍천군,31183,71256,36440,34816,2.3,14400,,39.2,2017-11-01
2014,횡성군,20348,46007,23375,22632,2.3,10834,,46.1,2017-11-01
2014,영월군,19597,40451,20663,19788,2.1,9602,,35.9,2017-11-01
2014,평창군,20279,44050,22427,21623,2.2,9530,,30.1,2017-11-01
2014,정선군,19347,39752,20472,19280,2.1,8709,,32.6,2017-11-01
2014,철원군,20337,48198,25022,23176,2.4,8899,,54.2,2017-11-01
2014,화천군,13474,27351,15247,12104,2,4791,,30.1,2017-11-01
2014,양구군,10778,24144,12820,11324,2.2,4051,,34.2,2017-11-01
2014,인제군,14613,32808,17460,15348,2.2,5537,,19.9,2017-11-01
2014,고성군,15408,30760,16393,14367,2,6888,,46.3,2017-11-01
2014,양양군,13229,27787,14130,13657,2.1,6764,,44.1,2017-11-01
2015,전체,685005,1564615,789001,775614,2.3,261671,42.7,92.7,2019-07-04
2015,춘천시,115044,281005,138248,142757,2.4,41092,40.8,251.7,2019-07-04
2015,원주시,138380,336031,167191,168840,2.4,41104,39.9,387.2,2019-07-04
2015,강릉시,93774,216330,107406,108924,2.3,36924,42.6,207.9,2019-07-04
2015,동해시,40338,94558,47857,46701,2.3,14891,42.5,524.7,2019-07-04
2015,태백시,22293,47779,24204,23575,2.1,9010,44.5,157.4,2019-07-04
2015,속초시,37084,82978,40950,42028,2.2,12487,42.7,784.9,2019-07-04
2015,삼척시,34601,71534,36380,35154,2.1,14527,44.4,60.3,2019-07-04
2015,홍천군,31443,71159,36363,34796,2.3,14739,46,39.1,2019-07-04
2015,횡성군,20821,46451,23658,22793,2.2,11095,48.2,46.6,2019-07-04
2015,영월군,19990,40461,20763,19698,2,9782,48.7,35.9,2019-07-04
2015,평창군,20601,43980,22452,21528,2.1,9694,47.7,30,2019-07-04
2015,정선군,19519,39502,20341,19161,2,8872,47.4,32.4,2019-07-04
2015,철원군,22017,49422,26338,23084,2.2,9060,42.9,55.6,2019-07-04
2015,화천군,13668,27231,15256,11975,2,4821,41.9,30,2019-07-04
2015,양구군,11140,24329,13011,11318,2.2,4082,41.8,34.4,2019-07-04
2015,인제군,15594,33599,18206,15393,2.2,5573,42.7,20.4,2019-07-04
2015,고성군,15324,30500,16267,14233,2,6996,46,45.9,2019-07-04
2015,양양군,13374,27766,14110,13656,2.1,6922,49,44.1,2019-07-04
2016,전체,692254,1566639,789251,777388,2.3,266152,43.2,92.8,2019-07-04
2016,춘천시,117014,283951,139683,144268,2.4,41699,41.3,254.3,2019-07-04
2016,원주시,142136,341130,169524,171606,2.4,42246,40.3,392.9,2019-07-04
2016,강릉시,94781,215721,107171,108550,2.3,37679,43.1,207.4,2019-07-04
2016,동해시,40468,93958,47514,46444,2.3,15124,43.1,521.4,2019-07-04
2016,태백시,22265,47333,23976,23357,2.1,9266,45.2,156,2019-07-04
2016,속초시,37193,82670,40831,41839,2.2,12752,43.5,782,2019-07-04
2016,삼척시,34147,70371,35675,34696,2.1,14610,44.7,59.3,2019-07-04
2016,홍천군,31851,70961,36246,34715,2.2,14933,46.8,39,2019-07-04
2016,횡성군,21283,46662,23793,22869,2.2,11323,49,46.8,2019-07-04
2016,영월군,20255,40330,20733,19597,2,9915,49.1,35.8,2019-07-04
2016,평창군,20745,43782,22346,21436,2.1,9837,48.4,29.9,2019-07-04
2016,정선군,19571,38993,20056,18937,2,9008,48,32,2019-07-04
2016,철원군,21778,48699,25848,22851,2.2,9112,43.5,54.8,2019-07-04
2016,화천군,13207,26489,14642,11847,2,4806,42.6,29.1,2019-07-04
2016,양구군,11355,24264,13004,11260,2.1,4108,42.3,34.3,2019-07-04
2016,인제군,15426,33061,17860,15201,2.1,5602,43.4,20.1,2019-07-04
2016,고성군,15377,30749,16352,14397,2,7151,46.4,46.3,2019-07-04
2016,양양군,13402,27515,13997,13518,2.1,6981,49.7,43.7,2019-07-04
2017,전체,700265,1567091,789577,777514,2.2,279976,43.7,92.9,2019-07-04
2017,춘천시,118450,284192,139917,144275,2.4,43914,41.7,254.6,2019-07-04
2017,원주시,145521,344614,171477,173137,2.4,45246,40.7,396.9,2019-07-04
2017,강릉시,95963,215856,107217,108639,2.2,39784,45.5,207.4,2019-07-04
2017,동해시,40730,93657,47577,46080,2.3,15881,43.6,519.7,2019-07-04
2017,태백시,21889,46142,23275,22867,2.1,9626,45.9,152,2019-07-04
2017,속초시,37772,83213,41089,42124,2.2,13464,44.1,787,2019-07-04
2017,삼척시,33863,69339,35086,34253,2,15093,45.4,58.4,2019-07-04
2017,홍천군,32467,71285,36410,34875,2.2,15899,47.4,39.2,2019-07-04
2017,횡성군,21777,46912,23899,23013,2.2,12025,49.5,47,2019-07-04
2017,영월군,20715,40327,20720,19607,1.9,10374,49.7,35.8,2019-07-04
2017,평창군,21008,43592,22257,21335,2.1,10399,49,29.8,2019-07-04
2017,정선군,19554,38429,19823,18606,2,9329,48.7,31.5,2019-07-04
2017,철원군,21583,47921,25360,22561,2.2,9264,44,53.9,2019-07-04
2017,화천군,13065,26252,14413,11839,2,4946,43.3,28.9,2019-07-04
2017,양구군,11340,24098,12869,11229,2.1,4259,43,34.1,2019-07-04
2017,인제군,15523,32901,17725,15176,2.1,5859,43.9,20,2019-07-04
2017,고성군,15519,30871,16458,14413,2,7300,46.8,46.5,2019-07-04
2017,양양군,13526,27490,14005,13485,2,7314,50.3,43.6,2019-07-04
2018,전체,707245,1561313,786364,774949,289386,289386,43.7,92.5,2020-08-27
2018,춘천시,120190,285002,140527,144475,45532,45532,42.1,255.3,2020-08-27
2018,원주시,149166,347421,172838,174583,47200,47200,41.3,400.1,2020-08-27
2018,강릉시,96859,215239,106867,108372,41214,41214,44.2,206.8,2020-08-27
2018,동해시,40784,92137,46756,45381,16526,16526,44.4,511.3,2020-08-27
2018,태백시,21832,45112,22694,22418,9940,9940,46.7,148.6,2020-08-27
2018,속초시,37993,82694,40867,41827,13952,13952,44.7,782.1,2020-08-27
2018,삼척시,34227,69115,35032,34083,15481,15481,45.8,58.2,2020-08-27
2018,홍천군,32760,70898,36227,34671,16406,16406,48,38.9,2020-08-27
2018,횡성군,22411,47340,24189,23151,12445,12445,49.9,47.4,2020-08-27
2018,영월군,21011,39998,20580,19418,10669,10669,50.4,35.5,2020-08-27
2018,평창군,21172,43021,21938,21083,10675,10675,49.7,29.4,2020-08-27
2018,정선군,19761,37965,19673,18292,9508,9508,49.4,31.1,2020-08-27
2018,철원군,21451,47138,24854,22284,9464,9464,44.5,53,2020-08-27
2018,화천군,12564,25342,13713,11629,5064,5064,44.4,27.9,2020-08-27
2018,양구군,11058,23666,12561,11105,4324,4324,43.4,33.5,2020-08-27
2018,인제군,15550,32455,17504,14951,6014,6014,44.5,19.7,2020-08-27
2018,고성군,14763,29118,15468,13650,7416,7416,47.8,43.8,2020-08-27
2018,양양군,13693,27652,14076,13576,7556,7556,50.9,43.9,2020-08-27
