자치구,행정동명,ST_WEEK,ST_HOLI,ST_YOUT,ST_SOLO,ST_HOUS,ST_SUBW,ST_HOSP,SCORE
영등포구,여의동,1.0,0.9999999999999999,0.8697253260019674,0.9478740040211483,0.3775388291517323,0.4000000000000001,0.03898050974512743,4.634118668919976
관악구,신사동,0.2542554618412289,0.25657780525588303,0.48957045930335213,0.5418124953458933,0.5961768219832736,0.6000000000000001,1.0,3.738393043729631
영등포구,양평2동,0.9159962827160366,0.9134112548440334,0.4383938255101269,0.1985255789708839,0.6953405017921147,0.4000000000000001,0.03898050974512743,3.600647953578323
서초구,서초2동,0.6075240165796474,0.608199529453842,0.5395616313970792,0.3607863578821953,0.6021505376344085,0.8,0.03898050974512743,3.5572025826923
노원구,상계5동,0.3443830306008879,0.34787764959465983,0.46911493933967263,0.2619703626480006,0.9235364396654718,1.0000000000000002,0.03898050974512743,3.3858629315938202
서대문구,홍제1동,0.28776749154113873,0.2913061006919185,1.0,0.7619331297937301,0.5913978494623655,0.4000000000000001,0.03898050974512743,3.3713850812342803
은평구,신사2동,0.2542554618412289,0.25657780525588303,0.48957045930335213,0.5418124953458933,0.07646356033452811,0.6000000000000001,1.0,3.2186797820808852
강서구,가양1동,0.4064529432695863,0.4082963265256475,0.843821726738467,0.8203887109985852,0.18399044205495818,0.4000000000000001,0.03898050974512743,3.1019306593323717
강남구,삼성1동,0.3058893194480561,0.30577014290947546,0.4359472343430777,0.31498994712934697,0.6989247311827956,1.0000000000000002,0.03898050974512743,3.10050188475788
노원구,상계10동,0.24926766472140915,0.25237814491441496,0.5006936212071531,0.25675776305011544,0.7753882915173237,1.0000000000000002,0.03898050974512743,3.0734659951555443
중구,청구동,0.2507275140389656,0.2535928375058328,0.9143440865639266,1.0,0.13022700119474312,0.4000000000000001,0.03898050974512743,2.9878719490485954
노원구,공릉1동,0.29192676801599554,0.2953353095256531,0.5971700254748152,0.5473229577779433,0.6140979689366786,0.6000000000000001,0.03898050974512743,2.9848335394762135
강서구,염창동,0.40974436639279543,0.41482050822048344,0.7214669457966555,0.7568694616129273,0.2568697729988052,0.4000000000000001,0.0059970014992503755,2.965768056520917
마포구,서강동,0.6089678554681853,0.6175197291282566,0.5791358740888339,0.6095762901184005,0.4647550776583035,0.0,0.08395802098950524,2.963912847451485
중구,약수동,0.4241351399565895,0.4253305428578971,0.5913183847453779,0.355201429741604,0.7132616487455196,0.4000000000000001,0.03898050974512743,2.9482276557921154
성북구,삼선동,0.4039361651867626,0.40442640535835567,0.18397356672636014,0.10626256608831633,0.7777777777777778,1.0000000000000002,0.03898050974512743,2.9153569908827004
금천구,독산1동,0.25319047279402274,0.25519512333322286,0.8330012359068782,0.668478665574503,0.4647550776583035,0.4000000000000001,0.03898050974512743,2.9136010850120577
서초구,서초1동,0.3797534829005461,0.379728168675543,0.3926400484273716,0.2406731700052126,0.6630824372759856,0.8,0.03898050974512743,2.894857817029786
노원구,공릉2동,0.2948011323189845,0.29705354838957604,0.6048376926375262,0.35572268970139254,0.6690561529271205,0.6000000000000001,0.03898050974512743,2.8604517257197273
금천구,가산동,0.600790166999016,0.5971904122251752,0.6164905289176986,0.7274555067391467,0.19832735961768222,0.0,0.09895052473763118,2.8392044992363497
강남구,신사동,0.2542554618412289,0.25657780525588303,0.48957045930335213,0.15198451113262343,0.07646356033452811,0.6000000000000001,1.0,2.8288517978676158
송파구,방이2동,0.24625104164983252,0.24961449959185822,0.5689459479910207,0.4940799761709733,0.42413381123058536,0.8,0.03898050974512743,2.822005786379398
강남구,역삼1동,0.42834217857211093,0.4288865223310129,0.4700986203243625,0.3521483356914141,0.6977299880525686,0.4000000000000001,0.03898050974512743,2.8161861547165965
서초구,서초3동,0.34842177077801795,0.35093056573820197,0.35362070270133933,0.11341127410827315,0.7753882915173237,0.8,0.03898050974512743,2.7807531145882836
양천구,신정7동,0.45525144395349354,0.4579070025196584,0.5470022952556309,0.6698935140367861,0.20549581839904418,0.4000000000000001,0.03898050974512743,2.7745305839097405
강서구,등촌3동,0.32975369727676646,0.33255916588731815,0.42959114182661995,0.39682776081614424,0.8136200716845877,0.4000000000000001,0.03898050974512743,2.7413323472365643
강동구,길동,0.3792429615524165,0.3834293775649422,0.7302191843014604,0.5140367860600195,0.5782556750298685,0.0,0.15442278860569714,2.739606773114404
강서구,화곡6동,0.2726931214455338,0.27614060380848254,0.7195500290059778,0.9455655670563706,0.054958183990442055,0.4000000000000001,0.06896551724137931,2.737873022548186
영등포구,당산2동,0.2619432469198001,0.26394030923480777,0.7788231139808812,0.555141857174771,0.4277180406212664,0.4000000000000001,0.03898050974512743,2.726547077676654
송파구,가락본동,0.2938571355318919,0.29541083602472185,0.43758670265089417,0.2358328989500335,0.6236559139784946,0.8,0.03898050974512743,2.725323996881164
마포구,연남동,0.25155192674594506,0.25404359818580174,0.6591419275102782,0.6701169111624098,0.43249701314217437,0.4000000000000001,0.043478260869565216,2.710829637616174
구로구,오류1동,0.3409172792867454,0.34465333483102795,0.481650566247131,0.24216248417603695,0.8375149342891278,0.4000000000000001,0.03898050974512743,2.6858791085751967
중랑구,중화1동,0.4339299119654678,0.43972593571537344,0.6846671879335132,0.35266959565120265,0.6989247311827956,0.0,0.07496251874062967,2.6848798811889827
강남구,역삼2동,0.2643988415299786,0.26741699655869783,0.6504149115948243,0.40710402859483213,0.6212664277180404,0.4000000000000001,0.06446776611694152,2.6750689721133147
송파구,잠실2동,0.33943099014937417,0.34556375733079686,0.399778041213711,0.08265693648075062,0.8542413381123058,0.6000000000000001,0.03898050974512743,2.660651573032066
강남구,논현1동,0.35761064518075997,0.3589843611214194,0.5001891694201327,0.5298235162707574,0.4635603345280763,0.4000000000000001,0.03898050974512743,2.649148536266273
노원구,상계6.7동,0.08833692490282752,0.08898326746550123,0.3711756248896512,0.14505920023829028,0.9163679808841098,1.0000000000000002,0.03898050974512743,2.6489035081255077
송파구,잠실7동,0.22720139617828328,0.22984930135251935,0.5574192246576033,0.48797378807059355,0.5005973715651135,0.6000000000000001,0.03898050974512743,2.642021591569241
마포구,성산1동,0.2279108718990246,0.23080947603771723,0.6698867505738139,0.4980266587236578,0.5734767025089605,0.4000000000000001,0.03898050974512743,2.6390909694883016
강남구,대치2동,0.43575568573318385,0.43755193003628656,0.3962973238832699,0.1341127410827314,0.7825567502986855,0.4000000000000001,0.03898050974512743,2.6252549407792847
중랑구,상봉2동,0.39585654148438604,0.3970160247215072,0.4092365122203446,0.2781294214014447,0.6606929510155315,0.4000000000000001,0.07196401799100449,2.6128954688342185
강남구,삼성2동,0.11631769219525676,0.11755599299003633,0.2647110752389841,0.23277980489984362,0.6284348864994026,1.0000000000000002,0.24137931034482757,2.6011787621683506
송파구,가락1동,0.17227468869905685,0.1740041220002585,0.4205362322496028,0.09300766996797975,0.891278375149343,0.8,0.03898050974512743,2.590081597811368
강동구,천호2동,0.3931443982749636,0.3961402309161269,0.38984034100940806,0.23806687020627001,0.8076463560334527,0.0,0.3583208395802099,2.583159036020431
양천구,신정2동,0.2506319884424217,0.25313189264035135,0.5993896133377052,0.26628937374339123,0.7729988052568698,0.4000000000000001,0.03898050974512743,2.581422183165867
송파구,가락2동,0.17125478975063024,0.17264749423494785,0.4613463818195576,0.1687392955543972,0.7586618876941457,0.8,0.03898050974512743,2.5716303587988056
노원구,상계9동,0.2756609826282003,0.2783383301301947,0.7959240295608747,0.6402561620373819,0.5471923536439665,0.0,0.02098950524737631,2.558361363247995
노원구,상계8동,0.10119802606905057,0.10222091437642417,0.27356420410119303,0.1309851813240003,0.9080047789725206,1.0000000000000002,0.03898050974512743,2.5549536145883165
관악구,성현동,0.30142562660509736,0.3042145874618317,0.5917219461749943,0.36376498622384396,0.5734767025089605,0.4000000000000001,0.011994002998500747,2.546597851973228
용산구,용산2가동,0.2797657395507891,0.2817006199380908,0.5850379599969733,0.6298309628416114,0.3201911589008364,0.4000000000000001,0.03898050974512743,2.5355069509734283
노원구,상계2동,0.12130287170664647,0.1227327778848025,0.3028476303377305,0.24342840122123763,0.6941457586618877,1.0000000000000002,0.03898050974512743,2.523437949557432
중구,필동,0.40564920119860365,0.408723594001512,0.391984261104245,0.2791719413210217,0.5949820788530464,0.4000000000000001,0.03898050974512743,2.519491586223556
동작구,노량진1동,0.2629079108082495,0.26586933830801246,0.5515423613388151,0.4168590364137315,0.5758661887694145,0.4000000000000001,0.03898050974512743,2.5120253453833503
동작구,사당1동,0.21574886409195304,0.21836513570683735,0.4056296819431483,0.22481197408593342,0.6069295101553165,0.8,0.03898050974512743,2.510465675728316
관악구,서원동,0.24720034068042246,0.24824866857180544,0.3166191641233889,0.23806687020627001,0.6212664277180404,0.8,0.03898050974512743,2.5103819810450547
노원구,상계1동,0.21189680934671443,0.21474396317456118,0.2770449214316342,0.1793878918757912,0.5806451612903225,1.0000000000000002,0.03898050974512743,2.502699256864151
강동구,강일동,0.31331279212364416,0.3155617865197952,0.3697631598859939,0.1545163452230248,0.9187574671445639,0.4000000000000001,0.02998500749625187,2.5018965583932737
구로구,구로3동,0.36539310409601655,0.36339396040910427,0.4568819835044266,0.4610172015786731,0.4038231780167263,0.4000000000000001,0.03898050974512743,2.4894899373500743
마포구,염리동,0.20769308287171023,0.20955443475937405,0.6409059954094887,0.2224290714126145,0.7514934289127836,0.4000000000000001,0.04947526236881558,2.4815512757347866
성북구,월곡2동,0.24861097268920823,0.25144178374949866,0.468408706837844,0.0767741455059945,0.9904420549581839,0.4000000000000001,0.03898050974512743,2.4746581734858566
종로구,창신3동,0.3068339648765123,0.3106293445377271,0.5575201150150074,0.4744954948246333,0.3859020310633213,0.4000000000000001,0.03898050974512743,2.474361460062329
강서구,화곡4동,0.15984436375839484,0.16168942863961341,0.6188110071379928,0.42006106188100384,0.6726403823178015,0.4000000000000001,0.03898050974512743,2.4720267534799336
송파구,잠실본동,0.24600568991241112,0.24742179570315415,0.35394859636290266,0.2087273810410306,1.0,0.2,0.21589205397301348,2.471995516992512
종로구,삼청동,0.07471445092598998,0.07582831991049901,0.26857013140969055,0.1061136346712339,0.9020310633213858,1.0000000000000002,0.03898050974512743,2.4662381099839266
동작구,대방동,0.2966615316887222,0.2994680646561422,0.5875097737533735,0.44716657979000674,0.5519713261648744,0.2,0.07796101949025487,2.460738295543374
송파구,잠실4동,0.35714334341228593,0.3606529115997174,0.2094988271495952,0.04251991957703478,0.8518518518518517,0.6000000000000001,0.03898050974512743,2.460647363335613
강남구,논현2동,0.3824499166637606,0.38262647188224036,0.38984034100940806,0.3434358477920918,0.5197132616487454,0.4000000000000001,0.03898050974512743,2.4570463487413736
서초구,잠원동,0.23353170113922922,0.2352585140973349,0.578126970514793,0.4092635341425274,0.5591397849462365,0.4000000000000001,0.03898050974512743,2.454301014585248
구로구,신도림동,0.190787765290154,0.19350697272104228,0.7111761293414381,0.8888226971479635,0.0,0.0,0.4662668665667166,2.4505604310673146
광진구,자양4동,0.23209022826057357,0.2341099812460537,0.3545287159179762,0.08593342765656416,0.8948626045400238,0.6000000000000001,0.03898050974512743,2.440505467366319
마포구,공덕동,0.26186903108380405,0.2634356367165612,0.6433273639871869,0.47151686648298463,0.5328554360812425,0.2,0.0674662668665667,2.4404706012183466
성북구,석관동,0.19184652049429718,0.19480635961747356,0.6211567079476379,0.49966490431156463,0.6164874551971326,0.2,0.10794602698650674,2.431907974554613
서대문구,북아현동,0.20389017000356005,0.20650868883033804,0.5343153328120664,0.35177600714870805,0.6905615292712065,0.4000000000000001,0.03898050974512743,2.4260322378110066
송파구,문정2동,0.3316689239508293,0.33283105950500014,0.6299341690417938,0.5591630054359967,0.1326164874551971,0.4000000000000001,0.03898050974512743,2.4251941551339447
강동구,암사3동,0.3682034255588338,0.3714446526582031,0.31001084571342097,0.13522972671084965,0.8231780167264039,0.4000000000000001,0.0014992503748125947,2.409565917742524
강서구,방화1동,0.21225175982903488,0.2142432275349052,0.574797588720458,0.2818527068285055,0.6833930704898447,0.4000000000000001,0.03898050974512743,2.4055188631478757
영등포구,신길7동,0.22973810531890754,0.2320961327619918,0.4887885590334704,0.1802070146697446,0.8088410991636797,0.4000000000000001,0.03898050974512743,2.3786514206929215
강북구,우이동,0.22535610361713948,0.22766370797455515,0.5306076121774661,0.2099932980862313,0.7443249701314215,0.4000000000000001,0.03898050974512743,2.376926201731941
성동구,사근동,0.1576164210384714,0.15929507696217748,0.4964057810174793,0.47203812644277315,0.24731182795698925,0.8,0.03898050974512743,2.371647743163018
강서구,발산1동,0.24629148730571693,0.24794827331381442,0.44187454284056804,0.15980341052945118,0.8267622461170846,0.4000000000000001,0.03898050974512743,2.3616604698517625
강북구,송천동,0.20232677933370882,0.2048203296242617,0.4935051832421117,0.34998883014371884,0.6618876941457587,0.4000000000000001,0.03898050974512743,2.351509326234687
영등포구,문래동,0.3130077913295442,0.31500778953883996,0.49037758216258487,0.21900364881971854,0.5615292712066905,0.4000000000000001,0.03898050974512743,2.337906592802505
서초구,반포4동,0.37241916100590117,0.37523423639152514,0.23958937624536536,0.08221014222950332,0.8291517323775389,0.4000000000000001,0.03898050974512743,2.3375851579949614
노원구,상계3.4동,0.10811562064954583,0.10942833116559803,0.300098368098469,0.22518430262863953,0.5495818399044204,1.0000000000000002,0.03898050974512743,2.3313889721918004
노원구,월계2동,0.14881903497877205,0.15058306206950905,0.40378843292052363,0.24968352073869984,0.9103942652329747,0.4000000000000001,0.03898050974512743,2.3022488256856066
양천구,신정3동,0.21470095266376304,0.2167826501481045,0.5133553610613666,0.41075284831335174,0.5065710872162486,0.4000000000000001,0.03898050974512743,2.301143409147962
서초구,반포1동,0.2262919385774309,0.22797361465791027,0.484979948041466,0.3783602650979225,0.5424133811230585,0.4000000000000001,0.03898050974512743,2.2989996572429154
마포구,합정동,0.12964170077516438,0.1311503939822378,0.6764446238050799,0.7199344701764838,0.19115890083632014,0.4000000000000001,0.03898050974512743,2.2873105993204135
구로구,구로5동,0.2276760349961549,0.23021213022323872,0.5291194794057558,0.3979447464442625,0.4623655913978495,0.4000000000000001,0.03898050974512743,2.286298492212389
양천구,목5동,0.26017006176549035,0.2630196771360214,0.4107246449920549,0.08779507037009457,0.8243727598566307,0.4000000000000001,0.03898050974512743,2.285062723865419
서초구,양재1동,0.3217014629772785,0.3235529902012973,0.38699018841274246,0.29279916598406436,0.5149342891278376,0.4000000000000001,0.03898050974512743,2.2789586064483474
관악구,청림동,0.3383131338830989,0.33923846342810654,0.33460287033066816,0.2884801548886738,0.5364396654719235,0.4000000000000001,0.03898050974512743,2.276054797747598
영등포구,영등포본동,0.24926951023706567,0.25163456740128193,0.5497767800842435,0.22868419093007672,0.7538829151732377,0.2,0.03898050974512743,2.272228473571033
강남구,대치4동,0.32855216026980116,0.33139357277369524,0.331122153000227,0.31744731551120714,0.5232974910394265,0.4000000000000001,0.03898050974512743,2.2707932023394846
성북구,길음1동,0.21372997551176834,0.2160690182631204,0.39566675914949434,0.12770869014818675,0.8697729988052566,0.4000000000000001,0.03898050974512743,2.261927951622954
동작구,사당2동,0.10704144582528441,0.10833056002648167,0.36537442933891595,0.19189813091071561,0.6475507765830345,0.8,0.03898050974512743,2.2591758524295598
송파구,위례동,0.16602512780335596,0.16779440251765304,0.5362574721920952,0.42572045573013634,0.5209080047789726,0.4000000000000001,0.03898050974512743,2.2556859727673406
서대문구,북가좌1동,0.20956495472503953,0.21141811133916386,0.44563270865387045,0.33189366296820316,0.6069295101553165,0.4000000000000001,0.03898050974512743,2.244419457586721
관악구,신림동,0.14185836792540338,0.1436700170838842,0.39526319771987795,0.22362052274927396,0.6989247311827956,0.6000000000000001,0.03898050974512743,2.2423173464063626
관악구,조원동,0.6548694924849351,0.6581167550126297,0.09092743461043712,0.17611140069997766,0.21624850657108718,0.4000000000000001,0.03898050974512743,2.235254099124194
도봉구,창1동,0.1950844455206942,0.1972064648104233,0.34887885590334705,0.16754784421773775,0.8864994026284346,0.4000000000000001,0.03898050974512743,2.2341975228257644
은평구,녹번동,0.22157106671370053,0.2238163343326245,0.550457789996721,0.37433911683669674,0.6284348864994026,0.2,0.03148425787106447,2.23010345225021
용산구,후암동,0.21382060459010407,0.21541009649200987,0.4718389789895831,0.3392657681137837,0.5304659498207885,0.4000000000000001,0.05847076461769114,2.2292721626239604
송파구,풍납1동,0.1648666820090208,0.16593119999399905,0.36244860897419734,0.24268374413582547,0.8518518518518517,0.4000000000000001,0.03898050974512743,2.2267625967100217
종로구,숭인2동,0.19285741202524365,0.19474350783342276,0.48361792821651073,0.3931044753890834,0.5161290322580644,0.4000000000000001,0.03898050974512743,2.219432865467452
양천구,목1동,0.3783143148804468,0.38277378586249783,0.32363104396297326,0.08809293320425944,0.6069295101553165,0.4000000000000001,0.03898050974512743,2.2187220978106215
중구,신당5동,0.1616430979477698,0.1620138502572446,0.13448684641965344,0.16509047583587758,0.4229390681003584,1.0000000000000002,0.17091454272863568,2.21708788128954
구로구,개봉1동,0.18837538393221456,0.19059478565700935,0.48038943677957985,0.26695956512026214,0.6511350059737155,0.4000000000000001,0.03898050974512743,2.216434687207909
관악구,대학동,0.23262751913027807,0.23379995901026052,0.540444422024365,0.7232109613522973,0.04659498207885304,0.4000000000000001,0.03898050974512743,2.2156583533411816
성북구,장위3동,0.21656513775000857,0.2186703871207895,0.43897394506520043,0.2041105071114752,0.9020310633213858,0.2,0.03298350824587706,2.213334548614737
광진구,구의3동,0.2103979495788842,0.21276792879113787,0.4613211592302066,0.23114155931193686,0.6487455197132616,0.4000000000000001,0.03898050974512743,2.2033546263705546
서대문구,충현동,0.27058363162641297,0.271208667727236,0.39811335031654355,0.214014446347457,0.6009557945041815,0.4000000000000001,0.03898050974512743,2.1938564002669585
양천구,목2동,0.1210357800882075,0.12249327115185005,0.5090675208716927,0.27894854419539805,0.7168458781362007,0.4000000000000001,0.03898050974512743,2.1873715041884765
성동구,송정동,0.24190049935937302,0.24456709253756687,0.4114813226725856,0.3382232481942066,0.5053763440860214,0.4000000000000001,0.03898050974512743,2.180529016594881
중구,장충동,0.22674333616569697,0.22953792689820296,0.4410926425706863,0.432496835207387,0.40501792114695334,0.4000000000000001,0.03898050974512743,2.173869171734054
강동구,상일동,0.17221386080296913,0.17387656214398187,0.44767573839130326,0.3257130091592822,0.6057347670250895,0.4000000000000001,0.03898050974512743,2.1641944472677532
성동구,왕십리2동,0.20537974504291195,0.20718639685379125,0.44694428330012365,0.27001265917045203,0.5949820788530464,0.4000000000000001,0.03898050974512743,2.163485672965453
용산구,한남동,0.11258093007651943,0.1137786725628877,0.327792771205892,0.13091071561545908,0.8327359617682196,0.6000000000000001,0.03898050974512743,2.1567795609741056
영등포구,양평1동,0.21591029148828705,0.21726329056824245,0.4501475521477035,0.2520664234120188,0.5746714456391875,0.4000000000000001,0.03898050974512743,2.149039513000567
은평구,대조동,0.22316776701446495,0.22562856531453968,0.452871591797614,0.416337776453943,0.4814814814814814,0.2,0.14392803598200898,2.1434152180440518
송파구,방이1동,0.13379480386163128,0.1353011262670994,0.23404040658814035,0.10239034924417306,0.6965352449223415,0.8,0.03898050974512743,2.141042440628513
동작구,신대방2동,0.22990068493182486,0.23237191755933334,0.5254874265392085,0.17261151239854047,0.7180406212664278,0.2,0.06146926536731634,2.1398814280626515
중랑구,묵1동,0.15274763930191446,0.15442399832226325,0.4890155623376296,0.2781294214014447,0.6260454002389486,0.4000000000000001,0.03898050974512743,2.139342531347328
동대문구,이문2동,0.17594764558351708,0.17794373408176814,0.30968295205185764,0.08980564450070742,0.9438470728793308,0.4000000000000001,0.03898050974512743,2.1362075588423086
노원구,월계1동,0.1169076310705936,0.11778832421174368,0.3159633768002623,0.26249162260778913,0.8781362007168457,0.4000000000000001,0.03898050974512743,2.130267665152362
성북구,안암동,0.1727580255979285,0.17492843235099986,0.49471586753096075,0.33844664531983026,0.5089605734767025,0.4000000000000001,0.03898050974512743,2.1287900540215494
동대문구,장안1동,0.18959692310489393,0.19160914726957834,0.44343834338033145,0.23873706158314098,0.6260454002389486,0.4000000000000001,0.03898050974512743,2.1284073853220207
강남구,도곡2동,0.202516700317457,0.20404279788758645,0.36426463540747095,0.10440092337478592,0.8064516129032256,0.4000000000000001,0.03898050974512743,2.1206571796356535
강북구,삼양동,0.18887670115604155,0.1909755190256195,0.589224909829243,0.4706977436890312,0.6200716845878136,0.0,0.05847076461769114,2.11831732290544
종로구,사직동,0.12951032726522854,0.1306670137405076,0.3537972608267965,0.1500484027105518,0.9056152927120668,0.4000000000000001,0.03898050974512743,2.1086188070002785
강서구,화곡3동,0.16317370469247258,0.16510836712771285,0.4000554896965723,0.24871546652766402,0.6881720430107526,0.4000000000000001,0.03898050974512743,2.104205580800302
중랑구,면목본동,0.16282937462974167,0.16464065391922691,0.5288420309228945,0.4731551120708914,0.3297491039426522,0.4000000000000001,0.03898050974512743,2.098196785230534
구로구,개봉2동,0.13279677729800937,0.1344145405988858,0.4098418543647691,0.1762603321170601,0.8004778972520906,0.4000000000000001,0.03898050974512743,2.092771911375942
강남구,도곡1동,0.24472471087208675,0.24605085220753758,0.2986354579161097,0.1389530121379105,0.7240143369175626,0.4000000000000001,0.03898050974512743,2.0913588797963345
종로구,이화동,0.17280643264597953,0.1745939928851389,0.3877973112719752,0.29272470027552316,0.6200716845878136,0.4000000000000001,0.03898050974512743,2.086974631411558
중랑구,망우본동,0.24772065594451836,0.2505268750503092,0.4288596867354403,0.35207386998287293,0.3667861409796893,0.4000000000000001,0.03898050974512743,2.0849477384379576
성동구,성수2가3동,0.13187283270617106,0.13335696157938579,0.38451837465634225,0.2290565194727828,0.7670250896057348,0.4000000000000001,0.03898050974512743,2.0848102877655443
관악구,행운동,0.15855134667359377,0.1602566096987367,0.38144121875551745,0.28021446124059873,0.6642771804062126,0.4000000000000001,0.03898050974512743,2.083721326519787
종로구,종로1.2.3.4가동,0.24750364788262247,0.24989289348494353,0.5425126743511489,0.4141782709062477,0.5722819593787335,0.0,0.05547226386806596,2.081841709871762
동작구,상도1동,0.13919463020632442,0.14053632376057645,0.4497692133074382,0.29838409412465566,0.6129032258064514,0.4000000000000001,0.03898050974512743,2.0797679969505736
양천구,신정6동,0.13171589503003403,0.1329777859821275,0.3302645849622923,0.1819941916747338,0.8637992831541218,0.4000000000000001,0.03898050974512743,2.0797322505484366
종로구,창신2동,0.2253585954786988,0.22788567040794988,0.3891341085075794,0.2787251470697744,0.5161290322580644,0.4000000000000001,0.03898050974512743,2.0762130634671943
동대문구,답십리1동,0.13142650783174895,0.13247369591041214,0.4657855575453376,0.2763422443964555,0.6308243727598565,0.4000000000000001,0.03898050974512743,2.075832888188938
서대문구,천연동,0.1693935131161408,0.17141953498479523,0.45902590359926354,0.38714721870578606,0.4468339307048984,0.4000000000000001,0.03898050974512743,2.0728006108560115
성동구,왕십리도선동,0.22075073636172055,0.22198613872740147,0.29558352460463594,0.17737731774517834,0.7168458781362007,0.4000000000000001,0.03898050974512743,2.071524105320264
강북구,인수동,0.14276093239475388,0.14438763265673768,0.5399904154160466,0.5041328468240376,0.2939068100358423,0.4000000000000001,0.03898050974512743,2.0641591470725453
강서구,등촌1동,0.14098291488828088,0.14218962332692583,0.5567886599238278,0.4479112368754189,0.31182795698924737,0.4000000000000001,0.03898050974512743,2.0386809017488283
서대문구,남가좌2동,0.13694266993478416,0.13858080654076574,0.43990718087118824,0.3150644128378882,0.5663082437275985,0.4000000000000001,0.03898050974512743,2.035783823657352
강동구,명일1동,0.18793574575810199,0.19012679374327124,0.3602037985219563,0.12599597885173877,0.7323775388291515,0.4000000000000001,0.03898050974512743,2.035620365449347
도봉구,쌍문4동,0.1845597172344505,0.18527865721569778,0.40391454586727876,0.16851589842877357,0.8219832735961766,0.2,0.0704647676161919,2.034716859958569
동대문구,답십리2동,0.12466242339320974,0.12594167416035254,0.4054026786389891,0.25631096879886817,0.6690561529271205,0.4000000000000001,0.03898050974512743,2.0203544076636675
송파구,송파2동,0.13635269998338623,0.13752364804379422,0.31495447322622144,0.1548886737657309,0.8363201911589008,0.4000000000000001,0.03898050974512743,2.019020195923161
송파구,잠실3동,0.09802207237626528,0.09964385709313492,0.24496178777713323,0.04937076476282672,0.8864994026284346,0.6000000000000001,0.03898050974512743,2.0174783943829224
강서구,방화3동,0.09323446630914994,0.09422706597971262,0.3060761217746614,0.2836398838334947,0.7921146953405017,0.4000000000000001,0.03898050974512743,2.0082727429826477
용산구,서빙고동,0.13520526674817118,0.13719577766877897,0.5527278230383131,0.5660138506217888,0.17801672640382316,0.4000000000000001,0.03898050974512743,2.0081399542260026
중랑구,중화2동,0.13920506578685057,0.14065099182388066,0.32948268469241054,0.21691860898056445,0.7407407407407406,0.4000000000000001,0.03898050974512743,2.0059786017695744
서초구,방배4동,0.1672885575105246,0.1686253183442418,0.3282972229929125,0.19204706232779806,0.7072879330943845,0.4000000000000001,0.03898050974512743,2.0025266040149887
구로구,구로2동,0.24598768363045753,0.24734180448878457,0.30337730471410196,0.32593640628490583,0.4408602150537634,0.4000000000000001,0.03898050974512743,2.002483923917141
은평구,증산동,0.17029812837741706,0.17235829723901971,0.4091608444522915,0.21468463772432797,0.5949820788530464,0.4000000000000001,0.03898050974512743,2.00046449639123
중랑구,상봉1동,0.1744700735957064,0.1767718513656178,0.42313415895275813,0.3948916523940726,0.38948626045400236,0.4000000000000001,0.03898050974512743,1.997734506507285
도봉구,창2동,0.1304583737941021,0.13197703076250042,0.3581355461951724,0.17432422369498846,0.7598566308243727,0.4000000000000001,0.03898050974512743,1.9937323150162636
용산구,한강로동,0.1345173910435672,0.13595868492904511,0.22405226120513533,0.14327202323330107,0.7108721624850657,0.6000000000000001,0.03898050974512743,1.987653032641242
강서구,화곡2동,0.11789944191645735,0.11911705394413055,0.4292380255757056,0.3109687988681213,0.5686977299880527,0.4000000000000001,0.03898050974512743,1.984901560037595
은평구,갈현2동,0.12437255073062464,0.12572707387095125,0.4101193028476304,0.2330776677340085,0.6523297491039427,0.4000000000000001,0.03898050974512743,1.984606854032285
도봉구,방학3동,0.11564957023694006,0.11679153301298115,0.3198981007390219,0.10373073199791497,0.888888888888889,0.4000000000000001,0.03898050974512743,1.9839393346208747
강서구,방화2동,0.16287202814503152,0.16526722662769783,0.34794562009735924,0.3127559758731105,0.5555555555555555,0.4000000000000001,0.03898050974512743,1.983376916043882
광진구,자양2동,0.14284687853549946,0.1444773064767164,0.4032083133654501,0.15823963065008564,0.6941457586618877,0.4000000000000001,0.03898050974512743,1.9818983974347668
서대문구,북가좌2동,0.2718470870748025,0.27121054919600396,0.25648851111055065,0.16792017276044383,0.5961768219832736,0.4000000000000001,0.017991004497751126,1.9816341466228256
강동구,둔촌2동,0.18324840239142262,0.1844710749380944,0.3645420838903322,0.17745178345371956,0.6308243727598565,0.4000000000000001,0.03898050974512743,1.979518227178553
서초구,반포3동,0.16177319970658674,0.16446110900887012,0.24753449189093754,0.06731700052125997,0.8936678614097967,0.4000000000000001,0.03898050974512743,1.9737341722825787
중랑구,신내2동,0.05441887606195897,0.054994892927361004,0.1689913486518526,0.1620373817856877,0.4886499402628435,1.0000000000000002,0.03898050974512743,1.9680729494348315
성동구,응봉동,0.14972804074577936,0.15156144346990988,0.4831639216081923,0.2803633926576812,0.46117084826762245,0.4000000000000001,0.03898050974512743,1.9649681564943127
,,0.1568186009628332,0.15828485927688482,0.24544101697480264,0.07923151388785464,0.8829151732377537,0.4000000000000001,0.03898050974512743,1.9616716740852567
강북구,삼각산동,0.17028253002165436,0.17194790686434147,0.37611925240245164,0.35624394966118106,0.44802867383512546,0.4000000000000001,0.03898050974512743,1.9616028225298818
구로구,구로4동,0.1031346296124995,0.1041958857416693,0.2853683759174717,0.27984213269789265,0.7491039426523297,0.4000000000000001,0.03898050974512743,1.9606254763669904
은평구,불광1동,0.12387634099574449,0.12534759803814027,0.40545312381769116,0.3412763422443965,0.5256869772998805,0.4000000000000001,0.03898050974512743,1.9606208921409805
도봉구,도봉2동,0.11976434743630271,0.12099595109507147,0.34035362070270136,0.21811006031722394,0.7168458781362007,0.4000000000000001,0.03898050974512743,1.9550503674326276
강남구,개포2동,0.15292012613244824,0.15450202154107487,0.3108179685726537,0.07833792538536004,0.8100358422939066,0.4000000000000001,0.03898050974512743,1.9455943936705709
송파구,석촌동,0.16030274757071458,0.16116893448478317,0.29999747774106494,0.13418720679127263,0.7502986857825565,0.4000000000000001,0.03898050974512743,1.9449355621155193
동작구,상도3동,0.11318405469597512,0.11445005488246096,0.468408706837844,0.3434358477920918,0.4659498207885303,0.4000000000000001,0.03898050974512743,1.9444089947420296
용산구,원효로2동,0.1533158836999167,0.15467124655254233,0.3216889045829445,0.25571524313053845,0.6176821983273596,0.4000000000000001,0.03898050974512743,1.9420539860384294
중랑구,신내1동,0.09899807931061391,0.0998921558747792,0.2688475798925518,0.16881376126293843,0.8661887694145757,0.4000000000000001,0.03898050974512743,1.9417208555005867
노원구,중계1동,0.13184491487050198,0.13350064053494168,0.2496027442177214,0.08183781368679724,0.9020310633213858,0.4000000000000001,0.03898050974512743,1.9377976863764756
관악구,미성동,0.11850442795744928,0.11983099308214384,0.45211491411708327,0.3112666617022861,0.4970131421744325,0.4000000000000001,0.03898050974512743,1.9377106487785227
강북구,미아동,0.13882166583229935,0.140183187179383,0.3320301662168638,0.35750986670638174,0.41816009557945033,0.2,0.34632683658170915,1.9330318180960873
종로구,혜화동,0.14215341573446477,0.14382507079254214,0.32320225994400587,0.20329138431752178,0.6786140979689365,0.4000000000000001,0.03898050974512743,1.9300667385025987
강남구,개포4동,0.08623980215178571,0.08675105628658555,0.33679723560420716,0.16933502122272695,0.8088410991636797,0.4000000000000001,0.03898050974512743,1.9269447241741127
마포구,상암동,0.23802958302740712,0.24019290948182248,0.32325270512270793,0.10685829175664607,0.8124253285543607,0.2,0.0059970014992503755,1.9267558194421945
양천구,신월6동,0.08028782283068393,0.08130437505034174,0.2584810956692814,0.16464368158463027,0.9020310633213858,0.4000000000000001,0.03898050974512743,1.9257285482014508
강남구,대치1동,0.20063405322525388,0.2033749451277736,0.19484450273665097,0.02561620373817857,0.8602150537634407,0.4000000000000001,0.03898050974512743,1.9236652683364253
강남구,일원2동,0.15457441674502556,0.15542796316495958,0.2697555931091886,0.06828505473229578,0.8363201911589008,0.4000000000000001,0.03898050974512743,1.923343728655498
도봉구,방학1동,0.16117212250676383,0.163025418281702,0.3597497919136379,0.26033211706009385,0.5364396654719235,0.4000000000000001,0.03898050974512743,1.9196996249792486
성북구,정릉3동,0.09807200671962743,0.09924016270013511,0.3202512169899362,0.19755752475984809,0.7634408602150536,0.4000000000000001,0.03898050974512743,1.917542281129728
강북구,수유2동,0.19152495849207574,0.1937895318086745,0.3766489267788231,0.4189440762528856,0.29271206690561524,0.4000000000000001,0.03898050974512743,1.912600069983202
성북구,정릉1동,0.10680411276380186,0.1078031175640072,0.31762806769742985,0.1696328840568918,0.7694145758661887,0.4000000000000001,0.03898050974512743,1.910263267693447
영등포구,대림3동,0.16226707551049702,0.16379940814440125,0.31828385502055645,0.22071636011616652,0.6009557945041815,0.4000000000000001,0.03898050974512743,1.9050030030409304
강동구,성내2동,0.1801737017990184,0.1819761163990702,0.3556385098494212,0.23292873631692607,0.5101553166069294,0.4000000000000001,0.03898050974512743,1.8998528907164929
송파구,풍납2동,0.08269648889365121,0.0837470197278618,0.27643957928720964,0.10983692009829474,0.9044205495818399,0.4000000000000001,0.03898050974512743,1.8961210673339848
은평구,응암1동,0.07320485649571941,0.07402674202609058,0.38098721214719905,0.1612182589917343,0.7670250896057348,0.4000000000000001,0.03898050974512743,1.895442669011606
노원구,하계1동,0.25893502942954877,0.26171604313031155,0.3269099805786062,0.3088837590289672,0.7084826762246116,0.0,0.026986506746626688,1.8919139951386719
강서구,가양2동,0.09188679396656765,0.09299971660950501,0.19928367846243097,0.2693424677935811,0.7980884109916367,0.4000000000000001,0.03898050974512743,1.890581577568849
송파구,문정1동,0.12504133218082764,0.1257999296429628,0.33523343506444375,0.15846302777570928,0.7060931899641577,0.4000000000000001,0.03898050974512743,1.8896114243732287
마포구,망원1동,0.11220946734495066,0.11378971130636603,0.36249905415289935,0.28468240375307174,0.5770609318996414,0.4000000000000001,0.03898050974512743,1.8892220782020568
영등포구,당산1동,0.17626814229252735,0.17744446803018818,0.38784775645067726,0.3067242534812719,0.3990442054958183,0.4000000000000001,0.03898050974512743,1.8863093354956106
노원구,월계3동,0.13478932346442488,0.13596984125290168,0.3274144323656267,0.18229205450889865,0.6630824372759856,0.4000000000000001,0.03898050974512743,1.882528598612965
은평구,갈현1동,0.1526420564176285,0.15444177976032133,0.3287007844225288,0.2507260406582769,0.5543608124253285,0.4000000000000001,0.03898050974512743,1.8798519834292118
성동구,행당1동,0.21238908466566164,0.21480252709375755,0.32325270512270793,0.3662968203142453,0.3608124253285543,0.4000000000000001,0.0,1.8775535625249269
성북구,성북동,0.12892262573682536,0.13020943283639694,0.3230257018185487,0.26062997989425873,0.5949820788530464,0.4000000000000001,0.03898050974512743,1.8767503288842038
성북구,정릉4동,0.23860121653682115,0.24075334324557995,0.3832572451887911,0.4015935661627821,0.48267622461170845,0.0,0.12443778110944526,1.871319376855128
강동구,성내1동,0.15877699111236268,0.16065320817614298,0.4071934824829117,0.3825303447762306,0.32258064516129015,0.4000000000000001,0.03898050974512743,1.8707151814540655
광진구,중곡1동,0.15042329862192572,0.15225432187600438,0.4358715665750246,0.27857621565269197,0.41099163679808837,0.4000000000000001,0.03898050974512743,1.8670975492688626
동작구,상도4동,0.1073230746841371,0.10827627500703754,0.35508361288369866,0.17655819495122496,0.6798088410991637,0.4000000000000001,0.03898050974512743,1.8660305083703894
강서구,가양3동,0.04850816332919684,0.048683804370774526,0.24064872499810833,0.21736540323181175,0.8685782556750298,0.4000000000000001,0.03898050974512743,1.8627648613500487
용산구,효창동,0.11296277471140789,0.11374087870952604,0.42086412591116606,0.355871621118475,0.41816009557945033,0.4000000000000001,0.03898050974512743,1.8605800057751527
관악구,삼성동,0.135198995088571,0.13668429875654167,0.3008802683683507,0.224663042668851,0.6236559139784946,0.4000000000000001,0.03898050974512743,1.8600630286059368
은평구,신사1동,0.06853346613248973,0.06924545395327078,0.2827956718036674,0.1718668553131283,0.6284348864994026,0.6000000000000001,0.03898050974512743,1.8598568434470863
금천구,시흥1동,0.08241743522549427,0.08322238389857606,0.2422629707165738,0.11810261374636981,0.8924731182795699,0.4000000000000001,0.03898050974512743,1.8574590316117112
구로구,고척1동,0.13280507749979903,0.1338004007002689,0.3014603879234242,0.16456921587608908,0.6786140979689365,0.4000000000000001,0.03898050974512743,1.8502296897136452
송파구,오륜동,0.195318822626504,0.1974023465867104,0.38973945065200394,0.177600714870802,0.8482676224611708,0.0,0.040479760119940034,1.8488087173171313
관악구,청룡동,0.14545918692087023,0.14648376898346702,0.36956137917118576,0.38811527291682185,0.3584229390681003,0.4000000000000001,0.03898050974512743,1.8470230568055725
송파구,송파1동,0.11607081703007796,0.11684144049245376,0.2837036850203042,0.09203961575694393,0.7992831541218638,0.4000000000000001,0.03898050974512743,1.8469192221667712
마포구,서교동,0.08462721625644327,0.08558258743519945,0.5114132216813377,0.5755454613150645,0.14814814814814814,0.4000000000000001,0.03898050974512743,1.8442971445813208
중구,중림동,0.15612975650589878,0.15796757895854407,0.36824980452493256,0.4057636458410902,0.31660692951015523,0.4000000000000001,0.03898050974512743,1.8436982250857485
강동구,고덕1동,0.14456208529097156,0.1460318942876418,0.27596035008954023,0.08466751061136348,0.7514934289127836,0.4000000000000001,0.03898050974512743,1.8416957789374282
성북구,종암동,0.08890792685428593,0.08975862094937004,0.22463238076020886,0.1545163452230248,0.8446833930704897,0.4000000000000001,0.03898050974512743,1.841479176602507
광진구,구의1동,0.14735460863335717,0.14877496532091414,0.4511060105430424,0.4158909822026957,0.2377538829151733,0.4000000000000001,0.03898050974512743,1.8398609593603104
강북구,송중동,0.1670873610603158,0.16881897859228034,0.3385375942694277,0.33524461985255793,0.3906810035842293,0.4000000000000001,0.03898050974512743,1.8393500671039387
성북구,돈암2동,0.0638446383300635,0.0643547611212699,0.29581052790879514,0.08801846749571822,0.8876941457586619,0.4000000000000001,0.03898050974512743,1.8387030503596362
서초구,방배1동,0.1689409568194731,0.16982282661959366,0.26546775291951474,0.17216471814729317,0.6224611708482676,0.4000000000000001,0.03898050974512743,1.8378379350992697
성동구,금호2.3가동,0.11015460576827582,0.11135427352296867,0.3472141650061796,0.18713232556407774,0.6427718040621265,0.4000000000000001,0.03898050974512743,1.8376076836687558
양천구,목3동,0.09714722487228436,0.0981751283718611,0.37079728604938583,0.220195100156378,0.6057347670250895,0.4000000000000001,0.03898050974512743,1.8310300162201265
송파구,오금동,0.08187563022191698,0.08285602200453487,0.42043534189219867,0.34388264204333907,0.45878136200716846,0.4000000000000001,0.03898050974512743,1.8268115079142857
동작구,사당3동,0.05979695050374867,0.06051326194040751,0.248038943677958,0.19696179909151837,0.42174432497013137,0.8,0.03898050974512743,1.8260357899288913
강서구,우장산동,0.1474888695125658,0.1484094665403373,0.30494110525386536,0.20321691860898058,0.5806451612903225,0.4000000000000001,0.03898050974512743,1.823682030951199
은평구,응암2동,0.14548173267718797,0.14707031086585587,0.346558377683053,0.32951076029488424,0.4145758661887694,0.4000000000000001,0.03898050974512743,1.822177557454878
마포구,아현동,0.19233544169682298,0.19251254341210491,0.35863999798219287,0.4436666914885696,0.1923536439665472,0.4000000000000001,0.03898050974512743,1.8184888282913652
동작구,신대방1동,0.16492611243177913,0.16608373363349094,0.3503669886750574,0.2729912875121007,0.42413381123058536,0.4000000000000001,0.03898050974512743,1.8174824432281411
강남구,일원1동,0.09022160531514908,0.09089255035381003,0.21857895931596338,0.14304862610767743,0.8351254480286737,0.4000000000000001,0.03898050974512743,1.816847698866401
강북구,번3동,0.08008711714468,0.08097551831128258,0.17809670340757183,0.14863355424826868,0.8876941457586619,0.4000000000000001,0.03898050974512743,1.8144675486155926
동작구,상도2동,0.08816674938773307,0.089262737347551,0.4158196080409615,0.3133517015414402,0.4683393070489844,0.4000000000000001,0.03898050974512743,1.813920613111798
관악구,신사동,0.09915533325071418,0.10009644401965284,0.3534189219865312,0.23665202174398692,0.6152927120669055,0.4000000000000001,0.008995502248875561,1.8136109353166663
은평구,응암3동,0.16350799934934865,0.16454054269025575,0.3452215804474488,0.4295182068657384,0.26881720430107525,0.4000000000000001,0.03898050974512743,1.8105860433989944
금천구,독산3동,0.12101422161025446,0.12217555911915998,0.3743788937372311,0.32817037754114237,0.4253285543608124,0.4000000000000001,0.03898050974512743,1.8100481161137278
양천구,신정4동,0.12315412352276073,0.12430950020997117,0.29016066789416606,0.05376424156675851,0.7789725209080048,0.4000000000000001,0.03898050974512743,1.809341563846789
강서구,공항동,0.25480693661887494,0.2566584433510721,0.461749943249174,0.32191525802368015,0.4982078853046594,0.0,0.014992503748125937,1.8083309702955865
성동구,금호1가동,0.08388690491641633,0.08507682657763133,0.22029409539183295,0.1140814654851441,0.8637992831541218,0.4000000000000001,0.03898050974512743,1.806119085270274
강북구,수유1동,0.1121443568935016,0.11336997662466458,0.27399298812016043,0.19867451038796635,0.6666666666666665,0.4000000000000001,0.03898050974512743,1.803829008438087
양천구,목4동,0.10393200785609064,0.10492267186521442,0.3453729159835549,0.16933502122272695,0.6403823178016727,0.4000000000000001,0.03898050974512743,1.802925444474387
서대문구,신촌동,0.09529213101353087,0.0963227974813759,0.27724670214644237,0.18489835430784124,0.7084826762246116,0.4000000000000001,0.03898050974512743,1.8012231709189297
광진구,자양1동,0.12354249071297918,0.12481122782564436,0.3788432920523621,0.23024797080944226,0.5041816009557943,0.4000000000000001,0.03898050974512743,1.8006070921013497
양천구,신월1동,0.07847376991461062,0.0792738529960057,0.27820516054178124,0.12979372998734084,0.7956989247311829,0.4000000000000001,0.03898050974512743,1.8004259479160487
성북구,동선동,0.17614474462773644,0.17808922409640746,0.35218301510833105,0.38573237024350293,0.26881720430107525,0.4000000000000001,0.03898050974512743,1.7999470681221807
광진구,구의2동,0.11976639858580257,0.12121488810863265,0.37674981713622724,0.22659915109092263,0.5125448028673836,0.4000000000000001,0.03898050974512743,1.7958555675340964
강서구,등촌2동,0.07710535365595864,0.07786189178219552,0.3349559865815825,0.1594310819867451,0.7060931899641577,0.4000000000000001,0.03898050974512743,1.7944280137157669
마포구,망원2동,0.10282731045628557,0.10426750932914289,0.28882387065856185,0.17812197483059053,0.6810035842293906,0.4000000000000001,0.03898050974512743,1.794024759249099
서대문구,홍제3동,0.11924951277116919,0.12054484639210294,0.3191162004691402,0.16948395263980937,0.6248506571087215,0.4000000000000001,0.03898050974512743,1.792225679126071
관악구,난곡동,0.10036778420856557,0.10152064195956398,0.3878982016293793,0.30895822473750845,0.4540023894862605,0.4000000000000001,0.03898050974512743,1.7917277517664054
광진구,화양동,0.2636897144562564,0.2637870809314048,0.04996594950437612,0.06411497505398764,0.7108721624850657,0.4000000000000001,0.03898050974512743,1.7914103921762183
광진구,광장동,0.24506218210370828,0.24738114805394146,0.3880243145761344,0.11132623426911907,0.7825567502986855,0.0,0.016491754122938528,1.7908423834245273
도봉구,쌍문3동,0.06924766418972629,0.06986478901119422,0.2383786919565163,0.09174175292277906,0.8805256869772998,0.4000000000000001,0.03898050974512743,1.7887390948026434
구로구,오류2동,0.12532695319971066,0.12742540168445818,0.19113678210205062,0.026435326532131955,0.8781362007168457,0.4000000000000001,0.03898050974512743,1.7874411739803246
성북구,월곡1동,0.16162033766757825,0.16306871028470907,0.31321411456100084,0.2800655298235163,0.4301075268817204,0.4000000000000001,0.03898050974512743,1.7870567289636525
강남구,일원본동,0.15620309425102372,0.15747396920784032,0.4031578681867481,0.34328691637500935,0.28793309438470727,0.4000000000000001,0.03898050974512743,1.7870354521504563
관악구,낙성대동,0.15809429299765754,0.16010801964409344,0.45362826947814466,0.47174026360860827,0.10394265232974909,0.4000000000000001,0.03898050974512743,1.7864940078033806
성동구,성수2가1동,0.3028642085017494,0.302004386279619,0.193785153983908,0.15526100230843698,0.3930704898446833,0.4000000000000001,0.03898050974512743,1.785965750663524
구로구,구로1동,0.08814845617932766,0.08893650196825456,0.3287007844225288,0.13522972671084965,0.7037037037037036,0.4000000000000001,0.03898050974512743,1.783699682729792
동대문구,용신동,0.10065639904692417,0.10253189464734119,0.25840542790122834,0.18095167175515675,0.7013142174432495,0.4000000000000001,0.03898050974512743,1.7828401205390276
종로구,청운효자동,0.10277961559091614,0.10416812235594786,0.22914722425404194,0.09650755826941694,0.8100358422939066,0.4000000000000001,0.03898050974512743,1.781618872509357
서초구,서초4동,0.16967821694528093,0.17137379051933177,0.5056372487199535,0.40851887705711526,0.48506571087216244,0.0,0.03898050974512743,1.7792543538589713
강동구,성내3동,0.13203196853789387,0.13364632950256838,0.2630968295205186,0.2188547174026361,0.5925925925925926,0.4000000000000001,0.03898050974512743,1.779202947301337
강서구,화곡1동,0.09240585958337448,0.0934911503120344,0.31069185562589857,0.2206418944076253,0.6200716845878136,0.4000000000000001,0.03898050974512743,1.7762829542618739
강남구,압구정동,0.0775085788222846,0.07830869772766014,0.21832673342245318,0.15250577109241195,0.8100358422939066,0.4000000000000001,0.03898050974512743,1.775666133103844
관악구,남현동,0.1338020688968501,0.13558919200566324,0.3821726738466971,0.2866185121751434,0.4086021505376344,0.4000000000000001,0.02848575712143928,1.7752703545834276
영등포구,신길6동,0.06363541838899645,0.06421914281666577,0.3079173707972861,0.11862387370615832,0.7801672640382317,0.4000000000000001,0.03898050974512743,1.7735435794924659
은평구,역촌동,0.11311493208089973,0.11480585673334365,0.3128105531313845,0.3079901705264726,0.5232974910394265,0.4000000000000001,0.0014992503748125947,1.7735182538863397
서초구,방배3동,0.09430491325964208,0.09497264398363661,0.25981789290488566,0.10916672872142379,0.7753882915173237,0.4000000000000001,0.03898050974512743,1.7726309801320392
동대문구,제기동,0.17398711979631817,0.1753720431561013,0.365450097106969,0.41514632511728355,0.19713261648745506,0.4000000000000001,0.03898050974512743,1.7660687114092546
강북구,번2동,0.06697462723837162,0.06761345210273509,0.19618129997225517,0.16710104996649044,0.8231780167264039,0.4000000000000001,0.03898050974512743,1.7600289557513837
구로구,개봉3동,0.08437337831297066,0.08527661165704661,0.26415617827326154,0.1380594236354159,0.7491039426523297,0.4000000000000001,0.03898050974512743,1.7599500442761522
동대문구,장안2동,0.11874457659596854,0.12015476010675885,0.30647968320427776,0.18474942289075882,0.5830346475507764,0.4000000000000001,0.03898050974512743,1.752143600093668
성북구,길음2동,0.09637703407828505,0.09773801170212201,0.22581784245970693,0.12361307617841984,0.7670250896057348,0.4000000000000001,0.03898050974512743,1.7495515637693961
강남구,수서동,0.10188739009956041,0.10286332922576183,0.2900093323580599,0.2577258172611513,0.5579450418160095,0.4000000000000001,0.03898050974512743,1.7494114205056706
구로구,고척2동,0.08400397541131982,0.08495669140421497,0.3378061391782481,0.2166952118549408,0.5854241338112305,0.4000000000000001,0.03898050974512743,1.7478666614050817
영등포구,영등포동,0.11466808345371249,0.11609433179118439,0.3064292380255757,0.239779581502718,0.5292712066905614,0.4000000000000001,0.03898050974512743,1.7452229512088795
서대문구,남가좌1동,0.06209721028808493,0.06308922700719446,0.1925492471057079,0.0696999031945789,0.9139784946236559,0.4000000000000001,0.03898050974512743,1.7403945919643498
동대문구,전농1동,0.10033762449463665,0.1009465145391894,0.22561606174489876,0.12547471889195025,0.7479091995221027,0.4000000000000001,0.03898050974512743,1.7392646289379055
강동구,고덕2동,0.10598475150323108,0.10686938055379708,0.30945594874769844,0.12837888152505772,0.6475507765830345,0.4000000000000001,0.03898050974512743,1.7372202486579464
송파구,잠실6동,0.04011911174552092,0.040237470297984516,0.11130728680606353,0.022041849728200166,0.8841099163679808,0.6000000000000001,0.03898050974512743,1.7367961446908775
서초구,내곡동,0.16292406098562845,0.16450014906365196,0.2243297096879966,0.11743242236949886,0.6547192353643966,0.4000000000000001,0.0,1.7239055774711727
성북구,돈암1동,0.059886175345673656,0.060547701664896876,0.1983252200670921,0.10268821207833793,0.8626045400238948,0.4000000000000001,0.03898050974512743,1.723032358925023
양천구,신월7동,0.11785563074904781,0.11925678043205787,0.21999142431962068,0.06873184898354308,0.7550776583034647,0.4000000000000001,0.03898050974512743,1.7198938525328618
도봉구,쌍문1동,0.09683841978221164,0.09773691482938857,0.2526294549398441,0.18251545163452232,0.6487455197132616,0.4000000000000001,0.03898050974512743,1.7174462706443558
서초구,반포2동,0.10853684408528985,0.1095212534728161,0.1369838827654047,0.022935438230694764,0.8972520908004779,0.4000000000000001,0.03898050974512743,1.7142100190998109
종로구,창신1동,0.09020459532283706,0.09094695917398787,0.22813832068000103,0.17737731774517834,0.6845878136200715,0.4000000000000001,0.03898050974512743,1.7102355162872034
도봉구,도봉1동,0.10791490604679613,0.1099940214830478,0.24370065830958207,0.224663042668851,0.5842293906810035,0.4000000000000001,0.03898050974512743,1.709482528934408
성동구,행당2동,0.06276348076912279,0.06360426015781978,0.2919262491487376,0.18854717402636087,0.6583034647550776,0.4000000000000001,0.03898050974512743,1.7041251386022462
마포구,성산2동,0.1477119344512553,0.1496151245916039,0.2696042575730825,0.18087720604661553,0.5173237753882914,0.4000000000000001,0.03898050974512743,1.7041128077959762
광진구,군자동,0.11982313775631886,0.12087558102392842,0.4062854692662749,0.41254002531834094,0.20549581839904418,0.4000000000000001,0.03748125937031484,1.7025012911342223
중랑구,면목3.8동,0.1094927026575176,0.11052337847975585,0.3640880772820138,0.323255640777422,0.3500597371565114,0.4000000000000001,0.03898050974512743,1.6964000460983482
영등포구,신길5동,0.1316090127956674,0.13295403709491244,0.3064040154362247,0.22146101720157868,0.4647550776583035,0.4000000000000001,0.03898050974512743,1.696163669931814
강동구,천호3동,0.11853642220088056,0.1198642019834254,0.22042020833858805,0.24052423858813018,0.5316606929510155,0.4000000000000001,0.06296851574212893,1.6939742798041686
은평구,구산동,0.14824115862529338,0.14965001066976186,0.42285671046989687,0.2069402040360414,0.7371565113500597,0.0,0.026986506746626688,1.6918311018976797
종로구,부암동,0.07226106497873101,0.07307018771623561,0.22286679950563726,0.08682701615905876,0.7956989247311829,0.4000000000000001,0.03898050974512743,1.689704502835973
동대문구,청량리동,0.12449739543384986,0.1265368202479443,0.1596589905919742,0.10216695211854941,0.7335722819593787,0.4000000000000001,0.03898050974512743,1.685412950096824
중랑구,면목2동,0.10895241022295502,0.11008560727322078,0.3296340202285167,0.29547993149154816,0.3990442054958183,0.4000000000000001,0.03898050974512743,1.6821766844571866
중랑구,면목7동,0.10945917731492724,0.11072410206984837,0.32027643957928725,0.24484324968352075,0.45639187574671447,0.4000000000000001,0.03898050974512743,1.6806753541394257
서초구,방배본동,0.12518843551869155,0.1261982819433483,0.2504098670769541,0.12487899322362053,0.6129032258064514,0.4000000000000001,0.03898050974512743,1.6785593133141934
동작구,사당4동,0.04253221041547993,0.04295175272936853,0.23921103740510002,0.14900588279097476,0.3632019115890084,0.8,0.03898050974512743,1.6758833046750592
성북구,정릉2동,0.08884272806149875,0.08948723069055678,0.25010719600474185,0.24193908705041328,0.5651135005973715,0.4000000000000001,0.03898050974512743,1.6744702521497097
서초구,방배2동,0.14126005978305656,0.14249804581902714,0.2874618508336066,0.1620373817856877,0.4958183990442053,0.4000000000000001,0.03898050974512743,1.668056247010711
강동구,암사1동,0.07333645260988031,0.0742500499356091,0.24037127651524706,0.10983692009829474,0.7287933094384708,0.4000000000000001,0.03898050974512743,1.6655685183426294
광진구,자양3동,0.16615945195672954,0.16848524499821427,0.274623552853936,0.27887407848685686,0.33572281959378725,0.4000000000000001,0.03898050974512743,1.6628456576346515
중구,신당동,0.08227228520980491,0.08303825164276812,0.32365626655232427,0.23248194206567876,0.5017921146953404,0.4000000000000001,0.03898050974512743,1.662221369911044
양천구,신월3동,0.04897609275108246,0.04944933839719979,0.22680152344439683,0.0852632362796932,0.8100358422939066,0.4000000000000001,0.03898050974512743,1.6595065429114064
강남구,세곡동,0.2981362787717458,0.2968892788328677,0.034327944106741996,0.031945788964181994,0.5591397849462365,0.4000000000000001,0.03898050974512743,1.6594195853669016
강동구,암사2동,0.06849965571502345,0.06926608606495502,0.22039498574923702,0.05220046168739296,0.8076463560334527,0.4000000000000001,0.03898050974512743,1.6569880549951888
양천구,신월5동,0.005628512924753592,0.005612199080540607,0.20778369107372566,0.06463623501377616,0.9330943847072878,0.4000000000000001,0.03898050974512743,1.6557355325452114
은평구,불광2동,0.16904127103728614,0.16994140073278077,0.3149292506368704,0.35356318415369725,0.20549581839904418,0.4000000000000001,0.03898050974512743,1.651951434704806
성동구,금호4가동,0.06662092132743291,0.06755747930088929,0.20775846848437463,0.12048551641968874,0.7479091995221027,0.4000000000000001,0.03898050974512743,1.6493120947996158
은평구,수색동,0.17238425426971613,0.17316385483511504,0.18551214467677254,0.22913098518132402,0.8470728793309438,0.0,0.041979010494752625,1.649243128788624
동작구,사당5동,0.21191181864240163,0.21262171902435612,0.13168713900168993,0.11028371434954204,0.5388291517323776,0.4000000000000001,0.03898050974512743,1.644314052495495
관악구,서림동,0.09715985746785852,0.09845153414057539,0.16208035916967237,0.08727381041030606,0.7586618876941457,0.4000000000000001,0.03898050974512743,1.6426079586276856
양천구,신정1동,0.06133750266689454,0.061997026726409644,0.2116175246550811,0.08503983915406955,0.7813620071684587,0.4000000000000001,0.03898050974512743,1.640334410116041
서대문구,홍제2동,0.0538729142909915,0.054495400925085875,0.2742704366030217,0.17246258098145806,0.6379928315412187,0.4000000000000001,0.03898050974512743,1.6320746740869034
용산구,이태원2동,0.20463218842671443,0.20533806192121803,0.1424067394758746,0.15548439943406062,0.4814814814814814,0.4000000000000001,0.03898050974512743,1.6283233804844766
중구,회현동,0.10229462855566543,0.10351595567796276,0.28196332635508364,0.24797080944225186,0.4516129032258063,0.4000000000000001,0.03898050974512743,1.6263381330018976
중구,을지로동,0.04047308651514733,0.04095023482086905,0.19741720685045527,0.07796559684265396,0.8303464755077657,0.4000000000000001,0.03898050974512743,1.626133110282019
동대문구,전농2동,0.07107858548851666,0.07178699216194581,0.24188463187630843,0.13500632958522601,0.6666666666666665,0.4000000000000001,0.03898050974512743,1.625403715523791
동대문구,이문1동,0.07192320973930579,0.07265733569112603,0.26382828461169827,0.18594087422741828,0.5913978494623655,0.4000000000000001,0.03898050974512743,1.6247280634770414
관악구,신원동,0.0784809925382603,0.0794329976786046,0.266905440512523,0.24327946980415519,0.5101553166069294,0.4000000000000001,0.03898050974512743,1.6172347268856
노원구,중계4동,0.1014616002809782,0.10236681286842989,0.3861578429641587,0.28103358403455214,0.2939068100358423,0.4000000000000001,0.03898050974512743,1.6039071599290888
용산구,원효로1동,0.07823506967289602,0.0787551475868924,0.19784599086942267,0.11877280512324075,0.6905615292712065,0.4000000000000001,0.03898050974512743,1.603151052268786
광진구,중곡4동,0.087564716561013,0.08815527048345745,0.30090549095770175,0.17477101794623576,0.5113500597371564,0.4000000000000001,0.03898050974512743,1.601727065430692
송파구,거여2동,0.07765494479726745,0.07840577746502414,0.2439528842030923,0.13977213493186388,0.6176821983273596,0.4000000000000001,0.03898050974512743,1.596448449469735
서초구,양재2동,0.1136038421205394,0.11388897826766231,0.36605543925139356,0.2766401072306203,0.2867383512544802,0.4000000000000001,0.03898050974512743,1.5959072278698232
성북구,장위2동,0.013707981113248103,0.013780192454524012,0.23668877846999775,0.13649564375605033,0.7479091995221027,0.4000000000000001,0.03898050974512743,1.5875623050610506
중랑구,묵2동,0.10250136719388253,0.10384950993584977,0.2830478976971776,0.22659915109092263,0.43249701314217437,0.4000000000000001,0.03898050974512743,1.5874754488051346
강동구,천호1동,0.052677635222236355,0.052893934130565444,0.20432819633263552,0.14282522898205377,0.6953405017921147,0.4000000000000001,0.03898050974512743,1.5870460062047334
노원구,하계2동,0.171356375349658,0.17316709925041102,0.3465079325043509,0.27500186164271356,0.5854241338112305,0.0,0.03298350824587706,1.5844409108042412
중랑구,면목4동,0.09423172035666359,0.09524953196040506,0.25633717557444446,0.1989723732221312,0.4982078853046594,0.4000000000000001,0.03898050974512743,1.5819791961634313
광진구,중곡3동,0.09724467308690093,0.09841994488491035,0.3739501097182637,0.41395487378062407,0.1565113500597371,0.4000000000000001,0.03898050974512743,1.5790614612755636
송파구,장지동,0.07652026845776096,0.0768906559919641,0.09435770676217621,0.11192195993744881,0.7801672640382317,0.4000000000000001,0.03898050974512743,1.5788383649327093
관악구,인헌동,0.10425726975088523,0.10496835521136924,0.21724216208035918,0.19547248492069402,0.5173237753882914,0.4000000000000001,0.03898050974512743,1.5782445570967267
금천구,시흥5동,0.1018224569966151,0.1029614621046325,0.32259691779958133,0.3715094199121305,0.23655913978494625,0.4000000000000001,0.03898050974512743,1.5744299063430331
성동구,성수1가1동,0.16206476477737852,0.16259025035011979,0.22284157691628625,0.18564301139325343,0.39665471923536433,0.4000000000000001,0.03898050974512743,1.56877483241753
동대문구,회기동,0.06810100457827706,0.06868872143148422,0.2638535072010493,0.20805718966415968,0.5531660692951015,0.4000000000000001,0.0059970014992503755,1.567863493669322
강동구,명일2동,0.0950469223324408,0.09583104779764276,0.2068252326783868,0.0563705413657011,0.6726403823178015,0.4000000000000001,0.03898050974512743,1.5656946362371007
용산구,이촌1동,0.019675472355836016,0.020003221672528125,0.11559512699573739,0.05934916970734977,0.9091995221027479,0.4000000000000001,0.03898050974512743,1.5628030225793268
서대문구,홍은1동,0.03511863149710616,0.035603305936436354,0.1835952278860948,0.1070072231737285,0.7598566308243727,0.4000000000000001,0.03898050974512743,1.560161529062866
종로구,교남동,0.03529499893484492,0.03541846041387909,0.1438444270688829,0.09032690446049595,0.8136200716845877,0.4000000000000001,0.03898050974512743,1.5574853723078181
금천구,시흥2동,0.052524961137706466,0.05281180748706273,0.13990970313012335,0.08459304490282225,0.7885304659498206,0.4000000000000001,0.03898050974512743,1.5573504923526629
서대문구,홍은2동,0.08604798576258232,0.08693179011607746,0.20127626302116178,0.1504951969617991,0.5925925925925926,0.4000000000000001,0.03898050974512743,1.5563243381993408
강남구,청담동,0.029110297896951746,0.0293592923495078,0.21933563699649408,0.10402859483207984,0.7347670250896056,0.4000000000000001,0.03898050974512743,1.5555813569097665
중구,다산동,0.08585483633735766,0.08625117095626017,0.227003304159205,0.18318564301139326,0.5340501792114695,0.4000000000000001,0.03898050974512743,1.5553256434208131
성동구,옥수동,0.06330523870239328,0.06397050888476258,0.2676116730143517,0.16896269268002087,0.5471923536439665,0.4000000000000001,0.03898050974512743,1.5500229766706226
도봉구,쌍문2동,0.08674475001184836,0.08758608926963118,0.24077483794486343,0.2051530270310522,0.4886499402628435,0.4000000000000001,0.03898050974512743,1.547889154265366
중구,광희동,0.19058244983566172,0.1909383249365959,0.09125532827200042,0.10313500632958524,0.5268817204301076,0.4000000000000001,0.03898050974512743,1.5417733395490785
성동구,성수1가2동,0.13685240769247814,0.13759419996522948,0.24077483794486343,0.22220567428699084,0.3643966547192353,0.4000000000000001,0.03898050974512743,1.5408042843539247
,,0.08647134544428269,0.08725178065611408,0.26350039095013494,0.2237694541663564,0.4396654719235362,0.4000000000000001,0.03898050974512743,1.5396389528855519
영등포구,대림2동,0.10258384323475134,0.10363314305949275,0.17756702903120036,0.20679127261895897,0.5089605734767025,0.4000000000000001,0.03898050974512743,1.5385163711662335
광진구,중곡2동,0.05473204560212336,0.054654369130700674,0.17923171992836787,0.1207089135453124,0.7120669056152927,0.4000000000000001,0.013493253373313342,1.5348872071951105
마포구,도화동,0.10569995762913853,0.10676664481874396,0.32592629959391634,0.19390870504132848,0.6857825567502985,0.0,0.11244377811094453,1.5305279419443703
강북구,번1동,0.10461784073814887,0.10567355799074146,0.2962140893384115,0.3257130091592822,0.2592592592592592,0.4000000000000001,0.03898050974512743,1.5304582662309707
마포구,신수동,0.07846877172823873,0.07949567858158171,0.3800035311625092,0.40948693126815106,0.13859020310633213,0.4000000000000001,0.03898050974512743,1.5250256255919403
중구,명동,0.35782012402803726,0.3565824220962195,0.03722854188210962,0.04281778241119964,0.29032258064516125,0.4000000000000001,0.03898050974512743,1.5237519608078547
도봉구,방학2동,0.04796961019230567,0.04854513327918255,0.24011905062173686,0.20567428699084073,0.5412186379928314,0.4000000000000001,0.03898050974512743,1.5225072288220247
송파구,마천2동,0.08776613882950321,0.08878933499158007,0.23071102479380534,0.1705264725593864,0.4958183990442053,0.4000000000000001,0.03898050974512743,1.512591879963608
구로구,수궁동,0.058875766330068885,0.059228778403104455,0.1708578202638283,0.07126368307394446,0.7084826762246116,0.4000000000000001,0.03898050974512743,1.5076892340406853
금천구,시흥3동,0.046720056733497495,0.04723073059943352,0.2606502383534694,0.17953682329287363,0.5340501792114695,0.4000000000000001,0.03898050974512743,1.5071685379358712
관악구,난향동,0.03930037316315045,0.03970642058756659,0.17832370671173103,0.10037977511356021,0.7025089605734766,0.4000000000000001,0.03898050974512743,1.4991997458946125
중랑구,면목5동,0.058154209553214986,0.05896776966646244,0.22137866673392692,0.11423039690222653,0.5973715651135005,0.4000000000000001,0.03898050974512743,1.489083117714459
영등포구,신길3동,0.025390542077649732,0.025653974126280697,0.1699750296365425,0.10939012584704744,0.7168458781362007,0.4000000000000001,0.03898050974512743,1.4862360595688486
양천구,신월4동,0.030212185728607992,0.030379257142965167,0.2093979367921911,0.11624097103283938,0.6427718040621265,0.4000000000000001,0.03898050974512743,1.4679826645038576
금천구,시흥4동,0.054121621172345924,0.05476400838202034,0.2375211239185815,0.2162484176036935,0.4623655913978495,0.4000000000000001,0.03898050974512743,1.4640012722196183
강서구,화곡본동,0.12814558530383555,0.12856152915729122,0.2383786919565163,0.30069253108943333,0.2616487455197133,0.4000000000000001,0.004497751124437781,1.4619248341512274
성북구,보문동,0.0833470532350136,0.08425720717143803,0.12376724594546877,0.08362499069178643,0.6463560334528077,0.4000000000000001,0.03898050974512743,1.4603330402416421
영등포구,대림1동,0.10450156667776889,0.10565075996857637,0.20344540570534972,0.16851589842877357,0.4384707287933094,0.4000000000000001,0.03898050974512743,1.4595648693189054
금천구,독산2동,0.06959875626936768,0.0704519873739892,0.26635054354680054,0.23851366445751732,0.37514934289127844,0.4000000000000001,0.03898050974512743,1.459044804284081
강서구,화곡8동,0.06626926658243426,0.06693362541177778,0.24576891063636594,0.220195100156378,0.43488649940262836,0.4000000000000001,0.02098950524737631,1.4550429074369609
영등포구,신길1동,0.05897778524718243,0.05948379606207355,0.2338638484626832,0.16375009308213567,0.49940262843488636,0.4000000000000001,0.03898050974512743,1.4544586610340888
종로구,무악동,0.013118852219147829,0.013211757651219354,0.09193633818447804,0.03633926576811378,0.8590203106332138,0.4000000000000001,0.03898050974512743,1.4526070342013004
성동구,용답동,0.023556939353738354,0.02376437486994585,0.18974953968774436,0.11691116240971033,0.6977299880525686,0.4000000000000001,0.0,1.4517120043737075
종로구,숭인1동,0.06603603069677857,0.06676843181906686,0.18657149342951548,0.22205674286990842,0.4659498207885303,0.4000000000000001,0.03898050974512743,1.4463630293489274
성동구,마장동,0.13856806632084068,0.13969275034201395,0.37851539839079884,0.27314021892918317,0.48028673835125446,0.0,0.017991004497751126,1.4281941768318422
서초구,반포본동,0.0,0.0,0.06888289151764321,0.025914066572343436,0.888888888888889,0.4000000000000001,0.03898050974512743,1.4226663567240032
양천구,신월2동,0.07667986836921216,0.07751903841625901,0.19880444926476154,0.21379104922183337,0.41338112305854235,0.4000000000000001,0.03898050974512743,1.419156038075736
송파구,마천1동,0.05003703912784255,0.05060969328288372,0.2248846066537191,0.1784943033732966,0.4755077658303464,0.4000000000000001,0.03898050974512743,1.4185139180132158
용산구,용문동,0.06443585835003032,0.06540018861225455,0.1590032032688476,0.14185717477101795,0.5340501792114695,0.4000000000000001,0.03898050974512743,1.4037271139587475
,,0.08206371185713332,0.08293408883410158,0.29061467450248446,0.24394966118102615,0.2616487455197133,0.4000000000000001,0.03898050974512743,1.4001913916395863
성북구,장위1동,0.054735605942179785,0.05516479056043438,0.18367089565414788,0.15071859408742275,0.5125448028673836,0.4000000000000001,0.03898050974512743,1.3958151988566958
용산구,이태원1동,0.05344963860220013,0.05431806199811281,0.14989784851312837,0.13910194355499292,0.5555555555555555,0.4000000000000001,0.03898050974512743,1.3913035579691173
노원구,중계본동,0.08085219317906031,0.08170178790438651,0.2681917925694252,0.23367339340233823,0.2855436081242533,0.4000000000000001,0.03898050974512743,1.388943284924591
종로구,가회동,0.036762698077357464,0.03699430614680812,0.0513784145080334,0.04654106783826048,0.7777777777777778,0.4000000000000001,0.03898050974512743,1.388434774093365
중구,동화동,0.036065251311725,0.0363937962455547,0.13458773677705754,0.05875344403902003,0.6810035842293906,0.4000000000000001,0.03898050974512743,1.3857843223478754
송파구,거여1동,0.06428297259194385,0.06488469637410202,0.1772895805483391,0.10350733487229132,0.5185185185185186,0.4000000000000001,0.03898050974512743,1.3674636126503223
영등포구,도림동,0.068202110485565,0.06902931465397685,0.29570963755139107,0.2694913992106635,0.23894862604540024,0.4000000000000001,0.0059970014992503755,1.347378089446247
용산구,이촌2동,0.07005220802185268,0.07130153531540528,0.10676722072287942,0.10968798868121231,0.5197132616487454,0.4000000000000001,0.03898050974512743,1.3165027241352227
금천구,독산4동,0.054828174405522595,0.05551907816839791,0.2116175246550811,0.19375977362424604,0.3608124253285543,0.4000000000000001,0.03898050974512743,1.3155174859269294
은평구,진관동,0.04210542130486723,0.04246915578860203,0.17171538830176308,0.1411125176856058,0.4767025089605734,0.4000000000000001,0.03898050974512743,1.313085501786539
동작구,노량진2동,0.10372769153128197,0.10471065079256767,0.2060685549978561,0.2277161367190409,0.2138590203106332,0.4000000000000001,0.03898050974512743,1.2950625640965074
마포구,용강동,0.13241882064374913,0.13353599290684232,0.19184301460387926,0.23121602502047808,0.18279569892473113,0.4000000000000001,0.019490254872563718,1.2912998069722437
관악구,중앙동,0.06285532595471366,0.06348159337806433,0.2023103891845537,0.12882567577630502,0.6164874551971326,0.2,0.014992503748125937,1.288952943238895
광진구,능동,0.09954239176926663,0.10104766010001931,0.2485938406436805,0.24164122421624842,0.17443249701314212,0.4000000000000001,0.014992503748125937,1.280250117490483
용산구,청파동,0.08476333143036767,0.08591722306914365,0.17441420536232252,0.13872961501228684,0.3560334528076464,0.4000000000000001,0.03898050974512743,1.2788383374268946
용산구,보광동,0.046929033470786724,0.047425420426722285,0.2110374051000076,0.23196068210589024,0.31899641577060933,0.4000000000000001,0.008995502248875561,1.2653444591228917
도봉구,창5동,0.001346693204164532,0.001235923979529721,0.09405503568996394,0.045200685084518584,0.6630824372759856,0.4000000000000001,0.03898050974512743,1.2439012849792899
도봉구,창4동,0.035527292300541566,0.03583302262109488,0.10157136731656873,0.09546503834983991,0.5197132616487454,0.4000000000000001,0.03898050974512743,1.227090491981918
중랑구,망우3동,0.05333936302307385,0.053782360853307655,0.21663681993593464,0.2002382902673319,0.2592592592592592,0.4000000000000001,0.03898050974512743,1.2222366030840348
종로구,평창동,0.09158925650098693,0.09146651854673996,0.06800010089035742,0.0755082284607938,0.42054958183990443,0.4000000000000001,0.03898050974512743,1.1860941959839102
구로구,가리봉동,0.061477923393945144,0.061590766924719854,0.14041415491714382,0.21170600938267928,0.2962962962962963,0.4000000000000001,0.004497751124437781,1.175982902039222
용산구,남영동,0.12354908719160435,0.12385915596251645,0.09700607864403361,0.17693052349393104,0.2138590203106332,0.4000000000000001,0.03898050974512743,1.1741843753478463
마포구,대흥동,0.1501801579579661,0.15126576645187892,0.29346482709915,0.29942661404423265,0.21863799283154117,0.0,0.04947526236881558,1.1624506207535845
도봉구,창3동,0.04164544404192891,0.041993688893061425,0.05677604862915227,0.07915704817931343,0.48506571087216244,0.4000000000000001,0.03898050974512743,1.143618450360746
중구,황학동,0.047266093586793276,0.047620396643349765,0.16984891668978738,0.08012510239034924,0.7287933094384708,0.0,0.03898050974512743,1.1126343284938778
중구,소공동,0.051665070818133985,0.0518790074836414,0.16546018614270944,0.17119666393625735,0.2246117084826762,0.4000000000000001,0.03898050974512743,1.103793146608546
강남구,개포1동,0.027324554485477794,0.027435720003762737,0.06696597472696549,0.04050934544642192,0.49940262843488636,0.4000000000000001,0.03898050974512743,1.1006187328426418
송파구,삼전동,0.022175074538158115,0.022810119168140394,0.031856130350341766,0.027850174994415073,0.5197132616487454,0.4000000000000001,0.03898050974512743,1.0633852704449283
강북구,수유3동,0.035354724444552316,0.03568889366960933,0.07929982091961561,0.07454017424975799,0.3978494623655914,0.4000000000000001,0.03898050974512743,1.0617135853942543
영등포구,신길4동,0.017467528166290543,0.017614354943047285,0.14412187555174416,0.10276267778687914,0.29510155316606923,0.4000000000000001,0.03898050974512743,1.0160484993591579
관악구,은천동,0.1755011596261,0.17465220252517843,0.025399147476479936,0.057710924119443,0.12664277180406214,0.4000000000000001,0.03898050974512743,0.9988867152963912
서대문구,연희동,0.058000802168584914,0.05823429596413992,0.22009231467702475,0.13172983840941246,0.4396654719235362,0.0,0.019490254872563718,0.927212978015262
강동구,둔촌1동,0.005572114549012738,0.005453722867289748,0.0,0.0,0.1338112305854241,0.4000000000000001,0.03898050974512743,0.5838175777468542
동대문구,휘경1동,,,,,,,,
동대문구,휘경2동,,,,,,,,
동작구,흑석동,,,,,,,,
