날짜,서울 종로구,서울 중구,서울 용산구,서울 성동구,서울 광진구,서울 동대문구,서울 중랑구,서울 성북구,서울 강북구,서울 도봉구,서울 노원구,서울 은평구,서울 서대문구,서울 마포구,서울 양천구,서울 강서구,서울 구로구,서울 금천구,서울 영등포구,서울 동작구,서울 관악구,서울 서초구,서울 강남구,서울 송파구,서울 강동구,부산 중구,부산 서구,부산 동구,부산 부산진구,부산 동래구,부산 남구,부산 북구,부산 해운대구,부산 사하구,부산 금정구,부산 강서구,부산 연제구,부산 수영구,부산 사상구,대구 중구,대구 동구,대구 서구,대구 남구,대구 북구,대구 수성구,대구 달서구,대구 달성군,인천 중구,인천 동구,인천 남구,인천 미추홀구,인천 연수구,인천 남동구,인천 부평구,인천 계양구,인천 서구,광주 동구,광주 서구,광주 남구,광주 북구,광주 광산구,대전 동구,대전 중구,대전 서구,대전 유성구,경기 수원시 권선구,경기 수원시 팔달구,경기 수원시 영통구,경기 성남시 수정구,경기 성남시 중원구,경기 성남시 분당구,경기 의정부시,경기 안양시 만안구,경기 안양시 동안구,경기 부천시,경기 부천시 원미구,경기 부천시 소사구,경기 광명시,경기 평택시,경기 동두천시,경기 안산시 상록구,경기 안산시 단원구,경기 고양시 덕양구,경기 고양시 일산동구,경기 고양시 일산서구,경기 과천시,경기 구리시,경기 남양주시,경기 오산시,경기 군포시,경기 의왕시,경기 용인시 처인구,경기 용인시 기흥구,경기 파주시,경기 양주시,경기 양평군
Nov-14,96.328,96.359,96.048,95.604,94.911,95.73,94.642,96.044,96.308,96.458,95.048,95.56,94.498,93.207,94.703,94.9,94.662,95.403,95.946,96.007,95.149,94.572,94.039,94.308,95.083,93.605,94.226,94.357,93.438,92.203,92.409,95.215,90.677,94.97,93.71,89.536,94.092,92.938,95.02,93.896,93.125,93.318,92.13,93.736,92.545,92.298,96.382,98.908,97.713,95.743,,98.229,97.468,97.611,94.568,,96.166,94.003,96.097,98.985,89.235,97.781,93.551,97.005,89.953,99.763,97.982,97.678,97.231,95.996,98.05,96.978,98.404,96.645,,100,100,94.332,95.577,98.477,97.337,94.422,97.131,97.181,98.126,96.243,95.429,95.523,95.423,96.656,95.726,96.799,97.046,97.011,97.571,98.162
Dec-14,96.424,96.51,96.197,95.875,95.054,95.782,94.772,96.173,96.482,96.582,95.155,95.624,94.655,93.421,95.006,94.989,94.747,95.563,96.083,96.183,95.259,94.746,94.397,94.452,95.123,93.781,94.378,94.761,93.485,92.387,92.75,95.389,90.835,95.01,94.054,89.931,94.22,93.205,95.181,94.068,93.339,93.538,92.501,93.743,93,92.487,96.382,98.942,97.152,96.868,,98.157,97.69,97.779,94.878,,96.287,94.005,96.286,99.01,89.606,97.858,93.961,96.896,89.931,99.78,98.165,98.338,97.315,96.044,98.112,97.118,98.85,96.604,,99.751,99.935,94.395,95.621,98.614,97.221,94.709,97.133,96.788,97.984,96.428,95.429,95.561,95.554,96.788,95.891,96.95,97.142,97.224,97.571,98.065
Jan-15,96.492,96.614,96.251,95.992,95.169,95.812,94.917,96.29,96.714,96.788,95.268,95.784,94.735,93.543,95.367,95.162,94.799,95.563,96.24,96.31,95.272,94.912,94.503,94.624,95.276,93.952,94.488,95.093,93.666,92.65,92.841,95.471,91.157,95.233,94.187,90.412,94.273,93.346,95.341,94.266,93.634,93.386,92.593,94.176,93.378,92.68,96.382,98.868,97.243,97.356,,98.356,97.684,97.703,95.099,,96.449,94.34,96.641,99.079,89.738,97.952,94.198,96.972,90.28,99.872,98.168,98.974,97.477,96.181,98.179,97.128,99.444,96.775,,99.922,100.136,94.503,95.836,98.618,97.253,94.709,97.131,96.899,97.984,96.411,95.44,95.616,95.744,96.784,96.052,96.998,97.216,97.172,97.571,98.089
Feb-15,96.541,96.712,96.301,96.036,95.409,95.908,95.002,96.419,96.985,96.816,95.429,95.948,94.793,93.719,95.737,95.242,94.924,95.772,96.351,96.379,95.449,95.118,94.796,94.822,95.446,94.136,94.736,95.227,93.765,92.932,93.012,95.55,91.356,95.379,94.267,89.876,94.277,93.533,95.438,94.444,93.966,93.697,92.929,94.387,93.481,92.881,96.498,98.944,97.116,97.743,,98.312,97.499,97.715,95.646,,96.601,94.143,96.988,99.079,89.861,98.018,94.264,96.937,90.479,99.916,98.307,99.273,97.589,96.215,98.229,97.16,99.216,97.169,,100.089,100.185,94.687,95.884,98.632,97.253,94.989,97.301,96.624,98.471,96.416,95.633,95.829,95.82,96.962,96.052,97.07,97.206,97.161,97.31,98.097
Mar-15,96.676,96.87,96.394,96.169,95.644,96.066,95.201,96.526,97.008,97.018,95.665,96.21,94.887,94.138,96.122,95.75,95.105,96.123,96.515,96.518,95.469,95.464,94.944,95.036,95.565,94.352,94.915,95.339,94.07,93.112,93.402,95.653,91.681,95.529,94.516,90.064,94.572,93.786,95.531,94.642,94.308,93.87,93.245,94.73,93.891,93.14,96.875,98.967,96.895,97.685,,98.091,97.426,97.98,95.851,,96.754,94.865,97.533,99.079,90.281,98.064,94.584,96.944,90.506,100.442,98.45,99.067,97.631,96.392,98.227,97.358,98.808,97.497,,100.59,100.315,94.845,95.839,98.796,97.318,95.077,97.67,96.418,98.345,96.553,95.731,95.864,95.643,96.777,95.557,97.272,97.288,97.483,97.205,98.199
Apr-15,96.837,97.001,96.56,96.323,95.738,96.18,95.441,96.684,97.029,97.045,96.03,96.42,95.328,94.443,96.226,96.017,95.428,96.418,96.737,96.568,95.432,95.655,95.226,95.291,95.818,94.659,95.092,95.531,94.215,93.49,93.723,95.772,92,95.709,94.676,89.77,94.787,94.118,95.657,94.787,94.602,93.87,93.687,94.941,94.121,93.336,97.127,98.83,96.855,97.58,,98.471,97.336,98.116,95.933,,96.938,95.036,97.533,99.079,90.534,98.072,95.094,96.857,90.917,99.437,98.55,99.067,97.775,96.573,98.261,97.424,98.233,97.458,,100.788,100.475,95.073,95.806,98.86,97.34,95.453,97.651,96.991,98.411,96.731,96.376,96.128,95.679,96.987,97.396,97.584,97.479,97.381,97.188,98.225
May-15,96.963,97.127,96.675,96.444,95.909,96.366,95.802,96.81,96.986,97.319,96.379,96.609,95.462,94.551,96.399,96.219,95.72,96.773,97.015,96.673,95.522,95.98,95.481,95.583,96.056,94.833,95.354,95.769,94.497,93.818,93.761,95.934,92.292,95.842,94.849,90.329,94.942,94.382,95.831,95.004,94.779,94.026,93.925,95.204,94.385,93.63,97.317,98.868,96.67,97.576,,98.683,97.127,98.215,96.159,,97.151,95.132,98.027,98.729,90.861,98.198,95.216,97.084,91.281,99.542,98.635,97.507,97.921,96.642,98.404,97.503,98.23,97.805,,101.211,100.672,95.121,96.085,98.822,97.435,95.453,97.7,96.563,98.326,96.858,97.085,96.271,95.882,97.269,97.396,97.694,97.509,97.671,97.046,98.178
Jun-15,97.132,97.248,96.739,96.529,96.242,96.493,95.974,96.936,97.263,97.335,96.563,96.815,95.699,94.898,96.517,96.437,95.859,96.859,97.172,96.79,95.775,96.158,95.819,95.794,96.366,95.02,95.591,95.948,94.951,94.147,94.117,96.077,92.669,96.122,95.157,91.037,95.23,94.742,95.934,95.144,95.11,93.882,94.126,95.621,94.563,93.953,97.625,98.995,96.789,97.908,,98.829,97.182,98.509,96.22,,97.309,95.449,98.052,98.729,90.767,98.282,95.584,97.511,92.063,99.68,98.74,97.964,98.098,96.725,98.51,97.604,98.314,98.141,,101.208,100.728,95.216,96.327,98.842,97.61,95.748,97.838,96.667,98.326,96.962,97.185,96.407,96.264,97.488,97.577,97.773,97.587,97.824,96.815,98.299
Jul-15,97.296,97.343,96.815,96.791,96.487,96.695,96.233,97.16,97.388,97.437,96.644,96.955,95.995,95.237,96.634,96.846,95.918,97.16,97.267,97.022,96.255,96.305,95.888,96.078,96.6,95.355,95.913,96.082,95.255,94.492,94.342,96.271,92.756,96.243,95.459,91.837,95.6,95.128,96.051,95.485,95.464,94.225,94.913,95.97,95.054,94.314,97.793,99.151,96.887,97.959,,98.93,97.606,98.429,96.715,,97.422,95.758,98.345,98.596,91.835,98.356,96.38,97.528,92.841,99.836,98.832,97.756,98.182,96.909,98.549,97.737,98.172,98.237,,100.93,100.872,95.748,96.578,98.918,97.702,96.154,97.884,96.88,98.601,97.068,97.185,96.592,95.884,97.779,97.08,97.874,97.663,97.829,96.913,98.275
Aug-15,97.443,97.487,96.927,96.943,96.613,96.832,96.48,97.317,97.695,97.456,96.851,97.127,96.097,95.531,96.929,96.837,96.08,97.761,97.408,97.317,96.548,96.541,96.053,96.346,96.789,95.711,95.991,96.246,95.555,94.764,94.609,96.471,93.001,96.477,95.683,92.667,95.899,95.369,96.258,95.779,95.709,94.653,95.294,95.97,95.34,94.608,98.448,99.15,97.19,98.148,,98.995,97.85,98.513,97.213,,97.525,95.946,98.345,98.748,92.232,98.348,96.392,97.621,93.1,99.58,98.917,97.484,98.237,97.112,98.553,97.835,98.479,98.276,,100.972,100.618,96.117,96.731,98.914,97.702,96.154,98.027,97.72,98.953,97.17,97.361,96.741,95.752,97.906,98.69,98.128,97.77,97.97,97.136,98.356
Sep-15,97.571,97.645,96.991,97.159,96.878,97.072,96.77,97.543,97.823,97.459,96.965,97.328,96.435,95.853,97.091,96.916,96.327,97.862,97.609,97.619,96.786,96.683,96.332,96.578,96.982,95.951,96.191,96.553,95.673,95.077,94.685,96.637,93.169,96.692,95.746,92.819,96.062,95.565,96.464,96.048,95.993,94.634,95.61,96.205,95.595,94.964,98.448,99.171,97.766,98.305,,99.075,97.794,98.738,97.434,,97.633,96.182,98.348,98.903,92.458,98.378,96.527,97.572,93.646,99.272,99.081,97.484,98.281,97.241,98.513,97.913,99.061,98.608,,101.157,100.692,96.624,96.998,98.963,97.702,96.154,98.13,97.423,99.151,97.395,97.82,97.171,96.26,97.837,97.423,98.524,98.03,98.338,97.217,98.356
Oct-15,97.708,97.812,97.181,97.377,97.081,97.308,96.97,97.709,97.985,97.702,97.176,97.585,96.837,96.174,97.323,97.138,96.462,97.862,97.729,97.822,96.86,96.901,96.613,96.792,97.225,96.146,96.418,96.823,95.893,95.446,94.927,96.795,93.269,96.875,96.106,93.497,96.275,95.714,96.649,96.113,96.281,95.842,95.944,96.714,95.904,95.249,98.448,99.181,97.796,98.476,,99.011,97.74,98.818,97.811,,97.725,96.457,98.348,98.988,92.625,98.509,96.604,97.744,93.984,99.604,99.102,97.847,98.423,97.443,98.604,98.014,99.456,98.921,,101.332,100.657,96.894,97.29,99.049,97.774,96.858,98.234,96.79,99.192,97.613,97.943,97.344,97.38,97.829,97.574,98.532,98.193,98.714,97.481,98.546
Nov-15,97.922,97.982,97.252,97.644,97.193,97.462,97.228,97.973,98.048,98.005,97.343,97.741,96.99,96.425,97.448,97.241,96.532,98.232,97.929,97.877,97.066,97.083,96.819,97.052,97.347,96.347,96.758,97.133,96.212,95.685,95.11,97.016,93.481,97.129,96.279,93.645,96.357,95.952,96.856,96.433,96.493,96.328,96.412,96.908,96.224,95.562,98.646,99.159,97.943,98.65,,99.078,97.941,98.882,97.924,,97.85,96.656,98.907,99.402,93.009,98.523,96.85,97.967,95.358,99.714,99.114,97.649,98.507,97.555,98.69,98.088,100.478,98.935,,101.486,100.612,97.063,97.38,99.132,97.722,97.306,98.407,97.305,99.259,97.768,98.052,97.586,97.813,97.982,97.574,98.704,98.312,98.789,97.537,98.603
Dec-15,98.149,98.145,97.383,97.853,97.377,97.702,97.377,98.148,98.239,98.205,97.521,97.949,97.569,96.915,97.608,97.394,96.95,98.391,98.027,98.13,97.341,97.338,97.533,97.374,97.535,96.508,97.118,97.335,96.448,96.027,95.242,97.242,94.152,97.411,96.535,94.027,96.529,96.31,97.197,96.688,96.801,96.562,96.79,97.155,96.539,96.084,98.35,99.202,97.971,99.022,,99.227,98.001,98.927,97.933,,98.064,96.508,99.278,99.498,93.447,98.92,97.197,98.133,95.882,99.424,99.143,97.694,98.555,97.674,98.822,98.194,100.412,98.781,,101.685,100.656,97.342,97.484,99.198,97.811,97.306,98.454,98.077,99.259,97.923,98.142,98.037,97.93,97.996,97.574,98.76,98.553,98.83,97.577,98.7
Jan-16,98.286,98.293,97.635,97.942,97.57,97.89,97.523,98.262,98.42,98.332,97.739,98.033,97.714,97.175,97.741,97.516,97.056,98.5,98.094,98.329,97.509,97.593,97.742,97.51,97.741,96.688,97.349,97.557,96.558,96.32,95.519,97.45,94.46,97.566,96.72,94.598,96.571,96.511,97.465,96.961,96.909,96.974,97.065,97.271,96.891,96.622,98.628,99.225,98.133,99.121,,99.278,97.939,99.166,98.122,,98.22,96.777,99.305,99.419,94.028,98.995,97.429,98.267,96.295,99.467,99.125,98.022,98.624,97.778,98.887,98.257,99.759,98.841,,101.769,100.656,97.342,97.509,99.279,97.777,97.306,98.579,98.089,99.53,97.957,98.337,98.312,98.223,97.984,97.574,98.819,98.568,99.177,97.652,98.897
Feb-16,98.385,98.464,97.815,98.094,97.827,97.976,97.688,98.337,98.547,98.454,97.922,98.245,97.693,97.36,97.972,97.7,97.438,98.557,98.228,98.428,97.579,97.747,97.832,97.728,97.955,96.968,97.584,97.722,96.819,96.57,95.806,97.648,95.091,97.801,96.87,95.033,96.765,96.781,97.638,97.288,97.172,97.209,97.302,97.425,97.149,96.938,98.799,99.429,98.155,99.19,,99.318,97.735,99.256,98.433,,98.331,96.822,99.305,99.373,94.379,99.107,97.554,98.204,96.645,99.386,99.107,97.986,98.681,97.952,99.008,98.305,99.815,99.347,,101.912,100.636,97.453,97.621,99.116,97.803,97.306,98.633,98.16,99.774,98.168,98.367,98.371,98.224,98.207,97.76,98.863,98.642,99.137,97.761,99.027
Mar-16,98.606,98.595,97.957,98.288,97.962,98.169,97.939,98.532,98.787,98.506,98.142,98.435,97.869,97.605,98.088,97.8,97.721,98.557,98.325,98.577,97.806,97.896,98.063,97.92,98.139,97.266,97.983,98.032,97.169,96.826,96.205,97.98,95.677,97.932,97.213,95.712,97.025,96.988,97.926,97.593,97.449,97.57,97.641,97.541,97.523,97.381,99.048,99.519,98.113,99.457,,99.347,97.41,99.475,98.338,,98.557,96.989,99.471,99.433,94.815,99.226,97.736,98.612,97.346,99.27,99.199,98.328,98.803,98.17,99.045,98.406,99.69,99.63,,102.047,100.751,97.662,98.091,99.207,98.397,97.787,98.695,97.772,99.927,98.363,98.601,98.605,98.179,98.453,97.809,99.067,98.77,99.531,97.896,99.027
Apr-16,98.725,98.727,98.139,98.419,98.215,98.311,98.119,98.779,98.827,98.637,98.229,98.652,98.006,97.845,98.313,98.118,97.819,98.762,98.479,98.683,98.076,98.276,98.331,98.166,98.323,97.658,98.163,98.313,97.426,97.093,96.621,98.135,96.28,98.102,97.609,96.057,97.477,97.297,98.116,97.938,97.772,98.018,97.796,97.853,97.85,97.711,99.048,99.513,98.289,99.594,,99.354,97.719,99.432,98.634,,98.657,97.254,99.286,99.614,95.216,99.322,98.056,98.967,97.561,99.206,99.356,98.7,98.909,98.395,99.212,98.574,100.031,99.694,,102.017,100.746,97.662,98.176,99.281,98.461,98.287,98.863,98.107,100.172,98.559,98.76,98.689,98.393,98.765,97.809,99.146,98.847,99.594,97.896,99.298
May-16,98.883,98.897,98.219,98.683,98.517,98.495,98.326,99.069,99.079,98.924,98.378,98.742,98.284,98.232,98.536,98.399,98.042,98.844,98.645,98.797,98.273,98.574,98.594,98.484,98.507,97.859,98.322,98.559,97.885,97.464,97.182,98.428,96.842,98.325,97.861,96.222,97.727,97.637,98.307,98.284,98.026,98.316,98.055,98.327,98.184,98.061,99.048,99.587,98.477,99.732,,99.336,97.825,99.45,98.593,,98.726,97.423,99.286,99.527,95.376,99.436,98.368,99.108,98.055,99.217,99.395,98.712,98.962,98.55,99.318,98.748,100.266,99.837,,102.086,100.786,98.185,98.311,99.363,98.867,98.8,99.024,97.937,100.172,98.878,98.787,98.795,98.563,98.988,96.677,99.274,99.34,99.538,99.073,99.431
Jun-16,99.031,99.066,98.505,98.874,98.842,98.768,98.644,99.288,99.114,99.027,98.634,98.98,98.653,98.477,98.866,98.769,98.164,98.9,98.838,98.976,98.462,98.804,98.877,98.751,98.828,98.262,98.602,98.746,98.268,97.75,97.695,98.66,97.331,98.493,98.216,97.139,98.202,98.003,98.86,98.526,98.425,98.558,98.251,98.628,98.622,98.424,99.048,99.622,98.725,99.638,,99.443,98.002,99.692,98.577,,98.867,97.925,99.307,99.676,96.577,99.61,98.638,99.239,98.496,99.468,99.423,99.002,99.048,98.789,99.397,99.006,100.261,99.019,,102.135,100.836,98.465,98.672,99.488,98.91,98.8,99.151,98.443,100.439,99.038,99.236,98.957,98.605,99.243,98.592,99.479,99.347,100.101,99.159,99.589
Jul-16,99.234,99.28,98.791,99.125,99.087,99.074,99.044,99.465,99.322,99.119,98.922,99.16,98.945,98.813,99.201,99.039,98.601,99.213,99.017,99.151,98.724,98.991,99.176,99.011,99.143,98.493,98.829,98.938,98.568,97.981,98.175,98.807,97.8,98.746,98.563,97.72,98.534,98.318,99.032,98.892,98.679,98.897,98.678,98.887,98.839,98.844,99.365,99.583,98.612,98.943,,99.46,99.085,99.735,98.96,,99.182,98.191,99.307,99.55,97.257,99.734,98.905,99.313,99.018,99.487,99.562,99.425,99.142,98.842,99.674,99.211,100.049,99.051,99.883,,,98.465,98.974,99.572,99.039,98.913,99.252,98.608,100.393,99.223,99.4,99.027,98.961,99.367,98.592,99.546,99.548,100.268,99.566,99.629
Aug-16,99.45,99.467,99.059,99.315,99.258,99.309,99.233,99.625,99.416,99.309,99.223,99.411,99.213,99.132,99.434,99.403,98.836,99.502,99.213,99.441,98.95,99.248,99.363,99.351,99.3,98.652,99.105,99.089,98.847,98.352,98.635,99.134,98.057,98.893,98.959,98.167,98.83,98.703,99.288,99.142,98.922,99.228,99.162,98.997,99.063,99.134,100,99.648,99.278,99.249,,99.525,99.284,99.759,99.306,,99.365,98.745,99.307,99.684,97.923,99.856,99.109,99.418,99.28,99.76,99.723,99.464,99.274,99.127,99.958,99.459,100.177,99.162,99.953,,,98.975,99.17,99.718,99.167,99.09,99.485,98.751,100.008,99.354,99.4,99.408,99.114,99.424,99.848,99.59,99.704,99.695,99.864,99.701
Sep-16,99.647,99.668,99.312,99.536,99.56,99.539,99.554,99.818,99.618,99.694,99.584,99.58,99.588,99.403,99.668,99.513,99.304,99.502,99.507,99.698,99.347,99.504,99.514,99.562,99.61,99.17,99.524,99.372,99.218,98.75,99.402,99.383,98.814,99.198,99.263,98.646,99.23,99.037,99.464,99.446,99.33,99.647,99.479,99.199,99.479,99.398,100,99.702,99.664,99.511,,99.604,99.46,99.879,99.785,,99.582,99.158,99.389,99.694,98.503,99.805,99.545,99.712,99.547,99.76,99.756,99.507,99.511,99.598,99.991,99.705,100.177,99.483,99.82,,,99.317,99.368,99.818,99.167,99.629,99.587,99.615,99.781,99.624,99.802,99.609,99.163,99.669,99.944,99.764,99.935,99.732,99.884,99.715
Oct-16,99.853,99.847,99.623,99.805,99.8,99.723,99.83,99.959,99.819,99.81,99.858,99.818,99.729,99.696,99.852,99.805,99.849,99.894,99.69,99.86,99.791,99.782,99.732,99.828,99.856,99.462,99.686,99.632,99.755,99.394,99.705,99.683,99.407,99.589,99.59,99.82,99.738,99.524,99.641,99.736,99.587,100.043,99.514,99.42,99.746,99.633,100,99.86,99.971,99.706,,99.711,99.908,99.895,99.911,,99.778,99.647,99.389,99.725,98.712,99.912,99.754,99.717,99.941,99.948,99.937,99.485,99.752,99.7,100.108,99.845,100.047,100,99.865,,,99.684,99.651,99.885,99.359,99.817,99.699,99.834,99.781,99.765,99.802,99.655,99.457,99.844,99.944,99.858,99.97,99.728,99.973,99.868
Nov-16,100,100,100,100,100,100,100,100,100,100,100,100,100,100,100,100,100,100,100,100,100,100,100,100,100,100,100,100,100,100,100,100,100,100,100,100,100,100,100,100,100,100,100,100,100,100,100,100,100,100,,100,100,100,100,100,100,100,100,100,100,100,100,100,100,100,100,100,100,100,100,100,100,100,100,,,100,100,100,100,100,100,100,100,100,100,100,100,100,100,100,100,100,100,100
Dec-16,100.144,100.175,100.272,100.167,100.131,100.22,100.135,100.053,100.17,100.119,100.297,100.145,100.178,100.384,100.129,100.389,100.231,100.171,100.167,100.234,100.263,100.147,100.307,100.342,100.197,100.242,100.255,100.232,100.192,100.426,100.256,100.321,100.455,100.332,100.369,100.481,100.619,100.521,100.377,100.238,100.303,100.229,100.492,100.07,100.331,100.359,100.032,100.125,99.702,100.112,,100.223,100.249,100.05,100.045,100.087,100.271,100.033,101.134,100.29,101.19,100.059,100.319,100.146,100.312,100.101,100.046,100.087,100.106,100.179,100.067,100.085,100.405,100.174,100.081,,,100.09,100.196,100.066,100.251,100,100.033,100.093,100.053,100.214,100.338,100.102,100.277,100.212,100.064,100.205,100.116,100.02,100.077,100.149
Jan-17,100.214,100.343,100.497,100.315,100.246,100.384,100.27,100.284,100.282,100.27,100.474,100.235,100.335,100.597,100.353,100.736,100.487,100.255,100.353,100.32,100.43,100.315,100.536,100.555,100.383,100.584,100.514,100.624,100.394,100.642,100.653,100.651,101.065,100.606,100.682,100.936,100.819,100.807,100.605,100.497,100.667,100.484,100.973,100.248,100.575,100.612,100.575,100.225,99.703,100.207,,99.928,100.445,100.175,100.135,100.217,100.407,100.246,101.134,100.415,102.36,100.291,100.307,100.362,101.101,100.202,100.114,100.112,100.227,100.405,100.114,100.161,100.713,100.196,100.159,,,100.303,100.422,100.119,100.48,100,100.121,100.282,100.56,100.027,100.596,100.113,100.556,100.428,100.208,100.288,100.214,100.227,100.214,100.265
Feb-17,100.367,100.46,100.773,100.591,100.559,100.537,100.455,100.528,100.4,100.477,100.559,100.383,100.495,101.04,100.502,101.286,100.824,100.312,100.644,100.488,100.536,100.334,100.861,100.842,100.627,100.892,100.838,101.101,100.714,100.933,101.463,101.012,101.621,100.833,101.138,101.476,101.265,101.187,101.001,100.843,101.006,100.837,101.134,100.663,100.827,100.965,100.828,100.366,100.17,100.357,,99.991,100.826,100.656,100.202,100.549,100.663,100.508,100.667,100.495,103.113,100.341,100.808,100.594,101.639,100.327,100.247,99.435,100.417,100.687,100.141,100.245,100.801,100.435,100.284,,,100.434,100.421,100.168,100.847,100,100.214,100.289,100.658,99.947,100.787,100.18,100.776,100.605,100.208,100.446,100.424,100.228,100.234,100.45
Mar-17,100.582,100.677,101.079,100.8,100.853,100.879,100.657,100.763,100.762,100.79,100.969,100.606,100.656,101.569,100.661,101.599,100.999,100.483,101.012,100.846,100.674,100.762,101.166,101.069,100.781,101.207,101.363,101.485,101.094,101.515,101.644,101.318,102.301,101.159,101.501,102.05,101.557,101.741,101.33,101.169,101.346,101.144,101.34,101.13,101.145,101.352,100.828,100.488,100.519,100.513,,100.707,101.253,100.87,100.449,100.798,100.89,100.888,100.458,100.972,103.937,100.434,101.024,100.967,101.701,100.448,100.406,99.66,100.62,100.876,100.332,100.526,101.19,100.638,100.546,,,100.579,100.679,100.306,101.04,101.352,100.616,100.725,100.788,100.356,100.96,100.346,100.972,100.921,100.497,100.663,100.71,100.4,100.579,100.579
Apr-17,100.838,100.897,101.431,101.141,101.206,101.127,100.968,101.035,100.877,101.067,101.34,100.878,100.799,102.031,101.042,101.913,101.464,100.748,101.316,101.058,101.06,101.121,101.559,101.329,101.077,101.588,101.773,102.184,101.604,102.03,102.068,101.745,102.794,101.467,101.808,102.358,102.047,102.626,101.61,101.434,101.758,101.38,101.472,101.56,101.458,101.718,100.828,100.622,100.757,100.65,,100.835,101.751,101.267,100.569,100.958,101.162,101.068,101.382,101.161,104.255,100.552,100.992,101.205,102.426,100.448,100.671,99.769,101.023,101.151,100.363,100.811,101.685,100.906,100.921,,,101.296,101.909,100.482,101.303,101.481,101.425,101.212,101.22,100.958,101.224,100.688,101.423,101.34,102.912,100.875,100.866,100.629,101.449,100.933
May-17,101.198,101.206,101.941,101.562,101.875,101.572,101.413,101.329,101.293,101.573,101.794,101.305,101.175,102.469,101.57,102.388,101.786,101.193,101.727,101.475,101.505,101.651,102.281,101.897,101.573,101.972,102.276,102.753,102.359,102.565,102.719,102.291,103.61,102.019,102.33,103.278,102.617,103.438,102.139,101.659,102.141,101.696,101.68,101.799,101.745,102.172,101.416,100.747,101.114,100.885,,100.958,102.037,101.507,101.128,101.408,101.368,101.378,102.608,101.78,105.221,100.746,101.795,101.312,102.398,101.454,101.168,100.274,101.264,101.445,100.481,100.985,101.786,100.906,101.26,,,101.316,102.333,100.557,101.54,101.697,102.141,101.682,101.456,101.158,101.55,100.906,103.395,101.659,103.173,101.044,101.186,101.039,101.737,101.37
Jun-17,101.545,101.567,102.734,102.04,102.355,101.894,101.735,101.704,101.62,101.878,102.254,101.609,101.573,103.029,102.227,103.011,102.017,101.339,102.167,102.047,101.97,102.158,102.674,102.429,102.014,102.447,102.938,103.112,103.149,103.271,103.184,102.766,104.361,102.457,103.136,104.709,103.431,104.308,102.696,101.925,102.538,101.923,101.952,102.173,102.139,102.581,102.587,100.821,101.253,101.215,,101.062,102.329,101.931,101.42,101.555,101.691,101.786,103.924,102.036,106.908,100.864,102.124,101.399,102.736,101.507,101.277,100.525,101.516,101.801,100.798,101.215,101.982,101.168,101.599,,,101.864,103.1,100.743,101.81,101.9,102.197,101.915,101.921,101.335,102.283,101.267,103.974,101.952,103.642,101.294,101.318,101.039,102.044,101.805
Jul-17,101.912,102.084,103.381,102.462,102.73,102.298,102.12,101.92,101.893,102.395,102.722,101.971,102.048,103.576,102.776,103.521,102.269,101.763,102.617,102.476,102.573,102.526,103.198,102.933,102.369,102.738,103.674,103.743,103.875,104.026,103.814,103.168,105.31,103.001,103.955,105.323,104.13,105.124,103.238,102.286,102.853,102.374,102.274,102.498,102.633,103.111,102.587,101.011,101.14,101.33,,101.482,102.681,102.316,101.767,102.086,101.936,102.247,104.122,102.775,108.077,101.431,102.292,101.743,103.12,101.65,101.787,100.734,101.815,102.087,100.925,101.433,102.35,101.335,101.863,,,101.949,104.312,100.744,102.111,101.991,102.914,102.35,102.614,101.512,102.348,101.78,104.173,102.158,103.931,101.579,101.46,101.355,102.067,102.455
Aug-17,102.164,102.388,103.897,102.865,103.066,102.724,102.52,102.197,102.137,102.738,102.991,102.324,102.406,104.015,103.45,104.046,102.669,101.837,102.912,102.789,102.914,102.955,103.613,103.414,102.708,103.24,104.205,104.284,104.553,104.712,104.779,103.471,105.953,103.611,104.459,106.743,104.707,105.754,103.86,102.713,103.083,102.715,102.567,103.062,103.098,103.752,103.094,101.135,101.178,101.596,,101.878,103.191,102.803,102.061,102.54,102.382,102.726,104.789,103.569,109.346,101.568,102.509,101.943,103.481,101.741,102.363,101.046,102.123,102.358,100.999,101.65,102.777,101.506,102.173,,,102.378,105.286,100.729,102.184,102.246,103.302,102.471,102.713,101.693,102.853,101.994,104.152,102.414,104.495,101.812,101.781,101.446,102.192,102.851
Sep-17,102.468,102.662,104.341,103.149,103.39,102.976,102.871,102.59,102.372,103.01,103.303,102.567,102.719,104.42,103.683,104.722,102.847,101.953,103.189,102.926,103.209,103.267,103.978,103.716,103.119,103.58,104.847,104.757,105.228,105.294,105.679,103.971,106.617,104.106,105.168,107.8,105.264,106.701,104.549,103.098,103.441,103.042,102.864,103.407,103.602,104.263,103.341,101.374,101.34,101.899,,101.978,103.505,103.003,102.272,102.845,102.649,103.104,104.942,104.088,110.105,102.06,102.722,102.282,104.114,101.749,102.561,101.632,102.478,102.611,101.17,101.794,103.053,101.69,102.413,,,102.744,106.334,100.756,102.506,103.07,103.375,102.606,103.252,101.899,103.093,102.096,104.351,102.875,105.105,101.842,101.711,101.56,102.396,103
Oct-17,102.683,102.814,104.526,103.378,103.611,103.188,103.136,102.706,102.596,103.269,103.537,102.835,103.012,104.738,103.942,105.102,103.079,102.329,103.381,103.052,103.735,103.552,104.24,104.105,103.308,104.109,105.395,105.219,105.737,105.731,106.38,104.314,107.279,104.593,105.764,109.179,105.827,107.367,105.03,103.424,103.854,103.589,103.179,103.727,104.087,104.715,103.61,101.551,101.931,102.109,,102.174,103.795,103.151,102.555,103.126,102.709,103.549,105.597,104.226,110.435,102.395,103.126,102.593,104.604,101.745,102.763,101.933,102.834,102.827,101.204,101.958,103.347,101.845,102.906,,,103.136,106.806,100.853,102.506,103.154,103.498,102.606,103.63,102.243,103.603,102.391,104.523,103.182,105.116,102.136,101.9,101.802,102.235,103.26
Nov-17,102.903,103.016,104.807,103.67,103.961,103.472,103.378,103.092,102.727,103.363,103.959,102.968,103.277,105.117,104.363,105.465,103.43,102.656,103.641,103.329,104.111,104.115,104.626,104.609,103.586,104.412,105.883,106.031,106.029,106.375,106.956,104.787,107.896,105.1,106.655,110.313,106.498,108.072,105.611,103.797,104.22,104.248,103.458,103.912,104.638,105.249,103.61,101.764,102.385,102.338,,102.514,103.984,103.476,102.875,103.377,102.835,103.723,106.957,104.394,111.262,102.219,103.435,102.982,105.205,101.99,102.857,102.019,103.066,103.04,101.764,102.112,103.866,102.084,103.197,,,103.565,107.611,100.889,102.695,103.303,104.148,102.801,103.735,102.834,104.006,102.726,104.609,103.508,105.528,102.265,101.993,101.842,102.415,103.407
Dec-17,103.216,103.277,105.207,103.976,104.348,103.741,103.623,103.189,102.908,103.626,104.268,103.221,103.597,105.523,104.769,105.827,103.775,103.221,103.868,103.673,104.418,104.516,105.079,104.946,103.838,104.929,106.223,106.682,106.414,106.941,107.563,105.246,108.462,105.652,107.299,110.82,107.203,108.747,106.16,104.12,104.548,104.693,103.708,104.332,105.036,105.606,104.313,102.05,102.655,102.443,,102.632,104.203,103.764,103.028,103.602,103.02,104.069,107.025,104.524,111.973,103.29,103.637,103.522,105.719,101.99,103.126,102.033,103.458,103.274,102.081,102.319,104.397,102.478,103.513,,,103.789,108.082,100.983,102.938,103.728,104.449,103.04,103.822,103.453,103.698,103.26,104.839,103.803,105.528,102.43,102.216,101.88,102.493,103.591
Jan-18,103.728,103.726,106.133,104.27,104.758,103.956,103.961,103.475,103.08,103.834,104.448,103.543,104.022,106.258,105.193,106.146,104.152,103.221,104.116,104.281,104.671,104.877,105.443,105.337,104.154,105.295,106.496,107.173,106.843,107.592,108.172,105.582,108.849,106.043,107.914,111.513,107.733,109.228,106.737,104.484,104.965,105.021,103.804,104.683,105.596,105.947,104.329,102.209,102.766,102.539,,102.947,104.294,104.024,103.114,103.822,103.266,104.405,107.829,104.72,112.541,103.833,103.805,103.946,106.026,101.973,103.465,102.276,103.791,103.643,102.309,102.493,105.089,102.761,103.71,,,104.352,108.558,101.012,103.486,103.728,104.835,103.198,104.25,103.65,103.78,103.505,104.825,104.007,105.838,102.6,102.155,101.729,102.56,103.854
Feb-18,104.111,104.169,106.885,104.581,105.193,104.22,104.193,103.912,103.364,103.86,104.742,103.945,104.477,106.965,105.457,106.449,104.324,103.519,104.384,104.683,105.106,105.417,106.005,105.711,104.489,105.822,106.825,107.722,107.18,108.229,108.962,105.883,109.383,106.407,108.356,112.299,108.341,110.099,107.165,104.783,105.279,105.311,104.058,104.815,105.998,106.392,104.725,102.391,103.005,102.761,,103.112,104.371,104.043,103.357,104.104,103.534,104.626,109.881,105.345,112.464,104.089,104.064,104.251,106.216,102.451,103.84,102.375,104.209,104.124,102.371,102.657,105.231,102.845,103.93,,,104.911,109.292,101.109,103.687,103.581,105.048,103.45,104.365,104.114,104.026,103.77,105.06,104.195,106.335,102.737,102.306,101.914,102.739,104.106
Mar-18,104.414,104.655,107.287,105.058,105.533,104.555,104.576,104.195,103.569,104.245,104.97,104.413,104.881,107.65,106.067,106.91,104.737,103.651,104.835,105.416,105.421,105.86,106.451,106.143,104.868,106.211,107.444,108.282,107.776,108.645,109.942,106.295,110.246,106.892,108.688,112.542,108.785,110.513,107.708,105.008,105.725,105.752,104.462,105.385,106.47,107.086,104.725,102.628,103.265,102.956,,103.51,104.709,104.284,103.536,104.373,103.771,105.043,110.276,105.696,113.225,104.231,104.214,104.544,106.73,102.841,104.419,102.657,104.587,104.551,102.552,102.948,105.272,102.845,104.123,,,105.071,110.337,101.225,103.741,103.62,106.284,103.726,104.954,104.585,104.532,104.024,105.296,104.605,106.079,102.942,102.404,102.185,102.899,104.458
Apr-18,104.689,105.015,107.684,105.332,105.822,104.874,104.845,104.322,103.764,104.607,105.374,104.661,105.176,108.145,106.592,107.5,105.049,103.651,105.158,105.952,106.094,106.095,106.646,106.486,105.103,106.49,108.085,108.856,108.093,109.061,110.522,106.728,110.801,107.258,109.139,113.648,109.315,111.13,108.261,105.258,106.081,106.233,104.612,105.758,107.417,107.571,105.14,102.872,103.519,103.057,,103.566,105.226,104.542,103.767,104.683,104.107,105.681,111.817,106.228,113.688,104.419,104.369,104.768,106.935,102.901,104.564,102.969,105.038,104.883,102.803,103.256,105.404,103.09,104.315,,,105.289,110.964,101.481,103.893,103.62,106.783,104.033,105.201,104.881,105.524,104.26,105.743,104.917,106.495,103.051,102.734,103.215,103.389,104.799
May-18,105.166,105.408,107.989,105.856,106.133,105.365,105.163,104.734,103.98,104.78,105.519,104.976,105.698,108.776,107.133,107.956,105.239,103.868,105.388,106.874,106.513,106.493,106.868,106.708,105.453,107.044,108.6,109.52,108.649,109.502,111.508,107.12,111.363,107.846,109.563,114.508,110.247,111.526,108.856,105.526,106.504,106.763,104.935,106.179,108.056,108.202,105.673,103.081,103.635,103.37,,103.812,105.475,104.781,104.033,104.956,104.448,106.117,113.434,107.116,113.967,104.658,104.525,105.014,107.261,104.152,104.822,103.013,105.446,105.254,102.911,103.532,105.86,103.323,104.638,,,105.062,111.721,101.714,104.111,103.684,107.736,104.684,105.564,105.127,106.016,104.554,106.043,105.147,106.939,103.379,103.255,104.741,103.079,104.936
Jun-18,105.646,105.647,108.478,106.343,106.591,105.755,105.482,105.013,104.274,105.116,105.827,105.365,106.245,109.521,107.591,108.329,105.471,104.481,105.926,107.394,106.752,106.944,107.17,107.114,105.716,107.628,109.14,110.072,109.365,110.013,112.244,107.476,112.011,108.207,110.21,115.484,110.581,112.222,109.217,105.873,106.769,107.037,105.307,106.526,108.574,108.926,106.187,103.348,103.883,103.686,,103.987,105.801,104.99,104.353,105.403,104.787,106.448,114.029,107.773,114.13,104.822,104.897,105.241,107.643,105.129,105.334,103.549,105.847,105.593,103.645,103.809,106.135,103.449,104.883,,,105.481,112.183,102.009,104.422,103.92,108.297,105.107,106.052,105.521,106.411,104.803,106.109,105.455,107.243,103.488,103.572,105.65,103.212,105.323
Jul-18,106.164,106.039,109.742,106.824,107.047,106.337,105.959,105.816,104.641,105.363,106.102,105.848,106.696,110.263,108.21,108.708,105.827,104.927,106.438,107.834,107.332,107.782,107.968,107.744,106.294,108.118,109.682,110.703,109.836,110.588,112.99,107.88,112.926,108.574,110.699,116.06,111.216,112.839,109.711,106.182,107.188,107.413,105.518,106.812,109.022,109.55,107.348,103.6,104.137,,103.842,104.199,106.05,105.246,104.487,105.885,105.179,106.92,114.737,107.773,114.462,104.999,105.077,105.576,108.169,105.287,105.948,103.815,106.324,105.966,103.842,104.112,106.477,103.943,105.226,,,106.151,112.721,102.237,104.71,104.341,108.864,105.398,106.42,105.92,107.899,105.201,106.182,105.849,107.371,103.781,103.795,107.692,103.212,105.628
Aug-18,106.751,106.425,110.504,107.538,107.571,106.979,106.336,106.296,105.062,105.751,106.539,106.348,107.289,111.009,108.744,109.23,106.252,105.364,107.173,108.431,107.864,108.331,108.677,108.545,106.612,108.379,110.081,111.314,110.137,111.045,113.71,108.311,113.621,109.083,111.285,116.694,111.781,113.405,110.021,106.59,107.559,107.733,105.848,107.121,109.472,110.087,107.348,103.901,104.373,,104.219,104.496,106.654,105.725,104.836,105.991,105.434,107.3,114.737,108.399,114.641,105.301,105.338,105.95,108.555,106.203,106.273,103.884,106.739,106.506,105.14,104.472,106.57,104.424,105.536,,,106.674,113.331,102.44,104.875,104.529,109.595,105.724,106.744,106.815,108.701,105.522,106.515,106.086,107.799,104.018,104.219,107.917,103.212,106.04
Sep-18,107.383,107.043,111.146,108.201,108.194,107.659,106.835,107.038,105.77,106.314,106.979,107.202,108.134,111.838,109.399,109.973,106.807,106.016,107.595,108.993,108.26,109.084,109.214,109.29,107.077,108.74,110.657,111.709,110.75,111.614,113.944,108.642,114.264,109.616,111.823,116.935,112.202,114.179,110.371,107.038,107.973,108.256,106.187,107.408,110.054,110.535,108.129,104.129,104.508,,104.702,104.784,107.147,106.206,105.228,106.452,105.74,107.642,115.668,108.802,116.073,105.629,105.596,106.78,109.026,106.415,106.45,104.379,107.199,107.114,105.711,104.754,107.135,104.713,105.715,,,107.294,113.759,102.592,105.146,104.529,109.918,106.049,106.99,107.572,109.31,105.819,106.705,106.389,108.04,104.24,104.604,108.381,103.656,106.265
Oct-18,107.971,107.647,111.786,108.832,108.868,108.37,107.417,107.663,106.198,106.954,107.471,107.858,108.928,112.63,109.937,110.667,107.308,106.431,108.251,109.444,108.928,109.856,109.822,110.03,107.568,109.023,111.207,112.301,111.279,112.211,114.129,109.004,114.945,110.409,112.244,117.963,112.391,114.574,110.959,107.537,108.399,108.6,106.754,107.672,110.625,111.145,108.129,104.476,104.7,,105.146,105.007,107.673,106.638,105.65,107.553,106.339,108.235,118.893,108.941,116.879,105.767,105.762,107.259,109.262,106.558,107.027,104.601,107.696,107.59,106.173,105.001,107.436,105.379,106.096,,,107.89,113.978,102.732,105.696,104.716,111.11,106.412,107.556,108.115,110.24,106.008,107.046,106.672,108.456,104.417,104.734,109.026,104.182,106.642
Nov-18,108.56,108.201,112.431,109.801,109.322,108.995,107.871,108.275,106.693,107.45,107.978,108.418,109.229,113.303,110.301,111.265,108.039,106.76,108.957,109.962,109.373,110.529,110.588,110.801,108.14,109.673,111.634,112.759,111.687,112.681,114.981,109.227,115.522,111.109,112.872,118.922,112.957,115.073,111.437,108.163,108.925,109.384,107.113,108.332,111.213,111.9,108.383,104.761,104.882,,105.925,105.319,108.158,106.897,106.04,107.928,106.798,109.02,120.633,109.293,117.794,105.973,105.952,107.49,109.704,106.859,107.203,104.783,108.184,108.227,106.889,105.376,107.933,106.704,106.357,,,108.559,114.11,102.914,105.882,104.94,111.625,106.809,108.001,108.568,111.474,106.315,107.384,106.928,108.895,104.798,105.231,109.271,104.597,107.018
Dec-18,109.005,108.579,112.909,110.203,109.95,109.627,108.381,108.6,107.067,107.857,108.519,108.786,109.54,114.038,110.78,111.923,108.429,107.078,109.742,110.28,109.779,111.059,110.93,111.204,108.542,109.978,112.042,113.328,112.252,113.197,115.362,109.673,116.087,111.869,113.422,119.442,113.331,115.309,111.707,108.719,109.39,109.845,107.499,108.696,111.933,112.441,109.824,105.071,105.178,,106.392,105.682,108.62,107.221,106.423,108.273,107.341,109.298,121.382,109.482,118.72,106.273,106.163,107.708,110.03,107.199,107.647,104.862,108.655,108.84,107.327,105.677,108.325,107.012,106.7,,,109.084,114.377,103.15,106.185,105.18,112.317,106.98,108.298,109.257,111.862,106.634,107.965,107.198,109.077,104.958,105.648,109.671,104.849,107.439
Jan-19,109.422,108.935,113.217,110.624,110.528,110.018,108.715,108.945,107.361,108.197,108.91,109.05,109.804,114.465,111.176,112.581,109.011,107.375,110.273,110.909,110.278,111.429,111.274,111.612,108.992,110.387,112.292,113.817,112.63,113.795,115.896,109.979,116.751,112.867,113.771,120.591,113.784,115.662,112.082,109.174,109.712,110.178,107.929,108.897,112.494,112.938,110.93,105.518,105.274,,106.715,105.914,108.968,107.562,106.879,108.489,107.778,109.706,122.78,109.777,119.14,106.321,106.316,108.14,110.397,107.998,107.825,105.021,109.148,109.321,107.604,105.9,108.759,107.236,106.971,,,109.442,114.668,103.382,106.31,105.41,112.726,107.193,108.585,109.601,112.086,107.011,108.156,107.429,109.575,105.363,106.271,110.149,104.849,107.831
Feb-19,109.687,109.221,113.703,111.09,110.936,110.379,108.958,109.171,107.473,108.378,109.257,109.271,110.156,114.799,111.703,112.925,109.277,107.299,110.927,111.292,110.558,111.645,111.448,111.768,109.231,110.771,112.827,114.104,112.982,114.291,116.833,110.262,117.378,113.204,114.164,121.36,114.041,116.012,112.454,109.411,110.038,110.423,108.184,109.066,112.827,113.392,111.588,105.869,105.403,,107.121,106.277,109.424,107.903,107.365,108.979,108.137,110.311,122.78,110.175,119.713,106.543,106.36,108.221,110.794,108.148,108.605,105.097,109.403,109.667,107.798,106.21,109.101,107.236,107.359,,,109.442,115.103,103.425,106.551,105.41,113.088,107.539,108.862,109.9,112.278,107.329,108.509,107.683,110.168,105.742,106.256,110.586,105.062,108.173
Mar-19,110.03,109.541,114.165,111.458,111.262,110.891,109.33,109.481,107.665,108.565,109.536,109.639,110.443,115.137,112.072,113.276,109.584,108.288,111.359,111.5,111.013,111.947,111.767,112.006,109.581,111.129,113.337,114.534,113.178,114.719,117.18,110.711,117.678,113.935,114.553,121.91,114.404,116.368,112.817,110.036,110.429,110.776,108.538,109.495,113.377,113.705,113.636,105.948,105.549,,107.466,106.549,109.896,108.256,107.814,109.397,108.607,110.75,123.439,110.493,120.417,106.803,106.629,108.475,111.119,108.435,108.676,105.504,109.737,110.089,107.986,106.584,109.539,107.445,107.669,,,109.527,115.17,103.612,106.701,105.46,113.555,107.686,109.104,110.238,112.476,107.908,108.675,107.918,110.324,105.97,106.518,110.896,106.141,108.658
Apr-19,110.386,109.893,114.524,111.9,111.68,111.368,109.722,109.782,107.94,108.98,109.81,110.051,110.666,115.514,112.558,113.706,109.906,108.652,111.771,111.898,111.323,112.324,112.203,112.229,109.995,111.395,113.796,114.99,113.368,115.235,117.676,111.191,118.203,114.536,115.055,122.061,114.796,116.802,113.057,110.541,111.002,111.178,108.873,109.979,113.862,114.046,114.433,106.274,105.785,,107.797,106.819,110.353,108.54,108.273,109.925,109.041,111.054,123.498,111.102,121.193,106.994,107.074,108.582,111.52,108.674,109.09,106.033,110.085,110.516,108.065,106.827,110.236,107.648,108.072,,,109.969,115.94,103.795,107.057,105.862,114.259,107.782,109.251,111.239,113.203,108.425,108.909,108.26,110.459,106.129,106.449,111.061,107.351,108.938
May-19,110.867,110.271,115.027,112.549,112.285,111.891,110.085,110.223,108.515,109.603,110.223,110.476,111.044,116.061,112.965,114.142,110.132,108.9,112.187,112.089,111.794,112.674,112.749,112.936,110.394,111.802,114.289,115.223,113.671,115.719,118.035,111.549,118.628,115.165,115.51,123.274,115.15,117.125,113.51,111.17,111.457,111.674,109.242,110.432,114.551,114.474,114.75,106.591,105.907,,108.195,107.146,110.739,109.033,108.618,110.265,109.427,111.475,123.655,111.688,121.613,107.238,107.392,108.725,112.074,108.986,109.57,106.134,110.434,110.923,108.401,107.137,110.776,107.972,108.467,,,110.748,116.153,103.955,107.211,106.111,114.552,107.972,109.634,111.633,113.203,108.848,109.089,108.615,110.605,106.553,106.843,111.355,107.368,109.253
Jun-19,111.339,110.623,115.663,112.768,112.616,112.288,110.403,110.587,109.029,109.816,110.498,110.906,111.409,116.634,113.353,114.607,110.343,109.385,112.706,112.415,112.273,113.221,113.287,113.494,110.958,112.202,114.908,115.427,113.831,116.18,118.402,111.807,119.053,115.613,115.902,124.03,115.344,117.616,113.916,111.963,111.814,112.472,109.532,110.927,115.085,114.812,114.87,106.892,106.039,,108.418,107.408,111.034,109.35,109.18,110.495,109.821,111.96,124.355,111.85,122.22,107.539,107.686,109.031,112.784,109.178,110.225,106.643,110.913,111.503,108.775,107.478,111.248,108.562,108.844,,,111.682,116.53,104.157,107.429,106.426,115.101,108.207,109.831,111.983,113.536,109.081,109.134,108.958,110.933,107.032,107.36,111.638,107.469,109.511
Jul-19,111.785,111.106,116.238,113.134,113.119,112.872,110.703,110.951,109.317,110.203,111.29,111.448,111.986,117.246,114.142,115.14,110.617,109.669,113.034,112.882,112.741,113.948,113.89,114.043,111.597,112.641,115.229,115.72,113.893,116.623,119.213,112.057,119.624,115.832,116.283,124.34,115.833,118.021,114.279,112.531,112.283,112.938,109.846,111.295,115.734,115.213,115.016,107.168,106.419,,108.788,107.757,111.516,109.693,109.623,110.875,110.263,112.259,125.044,112.252,122.937,107.81,107.975,109.396,113.388,109.471,110.724,107.329,111.434,112.144,109.286,107.691,111.636,109.087,109.14,,,112.162,117.106,104.4,107.632,106.486,115.818,108.258,110.284,112.447,113.935,109.593,109.666,109.177,110.933,107.432,108.295,111.783,107.941,109.887
Aug-19,112.295,111.587,116.679,113.533,113.436,113.414,111.03,111.261,109.602,110.539,111.684,111.918,112.568,117.751,114.638,115.584,111.283,110.058,113.438,113.485,113.192,114.589,114.699,114.712,112.285,112.823,115.631,116.091,114.171,117.023,118.94,112.317,120.167,116.371,116.637,125.091,116.106,118.121,114.617,112.848,112.673,113.607,110.44,111.786,116.22,115.475,115.016,107.451,106.661,,108.931,108.136,111.979,109.959,110.028,111.189,110.594,112.707,125.439,112.473,123.225,108.067,108.579,110.05,113.842,109.963,111.496,107.656,111.793,112.708,109.508,107.916,112.479,109.75,109.463,,,112.955,117.511,104.601,108.009,107.089,116.369,108.522,110.533,112.798,114.621,109.927,110.024,109.549,111.543,107.935,108.765,111.817,108.244,110.203
Sep-19,112.763,112.098,117.148,113.859,114.022,113.915,111.36,111.7,109.987,110.85,112.128,112.333,113.158,118.281,115.199,116.05,111.571,110.391,113.879,113.849,113.841,115.142,115.338,115.239,112.871,113.055,115.863,116.369,114.451,117.388,119.288,112.517,120.559,116.859,117.022,125.641,116.601,118.292,114.989,113.262,112.983,114.104,111.009,112.244,116.639,115.747,115.393,107.608,106.762,,109.353,108.381,112.609,110.334,110.452,111.627,110.878,113.043,126.082,112.621,123.629,108.126,109.502,110.445,114.274,109.963,112.092,107.656,112.234,113.262,109.85,108.189,112.775,110.237,109.866,,,113.468,117.998,104.775,108.453,107.476,116.586,108.696,110.632,113.593,115.407,110.395,110.165,109.884,111.721,108.244,109.18,112.117,108.995,110.533
Oct-19,113.271,112.544,117.729,114.16,114.704,114.542,111.805,112.131,110.215,111.239,112.511,112.822,113.643,118.77,115.788,116.466,112.117,110.726,114.365,114.318,114.343,115.694,115.932,115.845,113.573,113.372,115.978,116.688,114.905,117.82,119.749,112.746,121.057,117.326,117.448,126.239,116.954,118.724,115.378,113.591,113.383,114.667,111.498,112.727,117.358,116.106,115.869,107.719,106.778,,109.775,108.513,113.159,110.736,110.954,112.029,111.229,113.868,126.779,112.748,123.742,108.34,110.523,111.016,114.889,110.357,113.027,108.365,113.012,113.796,110.222,108.434,113.293,111.087,110.379,,,113.659,118.226,105.03,108.812,107.989,117.109,108.866,110.948,114.223,115.936,110.775,110.589,110.18,112.02,108.357,109.507,112.248,109.253,110.806
Nov-19,113.699,112.982,118.331,114.477,115.193,115.095,112.119,112.736,110.766,111.653,112.945,113.284,114.039,119.458,116.269,117.087,112.352,111.698,114.847,114.758,114.801,115.983,116.479,116.438,114.326,113.626,116.271,116.875,115.504,118.188,120.982,112.92,121.813,117.719,117.878,126.343,117.511,119.53,115.829,114.018,113.804,115.033,112.156,113.025,118.05,116.532,116.789,107.823,106.932,,110.217,108.934,113.515,111.319,111.334,112.432,111.561,114.502,126.988,113.065,124.84,108.515,111.079,111.622,115.798,110.894,113.627,108.852,114.427,114.243,110.698,108.712,113.56,111.426,110.817,,,114.745,118.377,105.282,109.164,108.805,117.285,109.265,111.239,115.193,116.658,111.025,110.738,110.487,112.528,108.472,110.213,112.759,109.677,111.142
Dec-19,114.089,113.487,118.834,114.805,115.648,115.654,112.521,113.425,110.929,111.956,113.493,113.807,114.628,120.047,116.914,117.634,112.675,112.04,115.474,115.239,115.345,116.568,117.074,116.941,115.121,114.005,116.385,117.148,116.548,118.712,121.673,113.186,122.373,118.285,118.173,126.67,118.172,119.982,116.195,114.456,114.119,115.444,112.807,113.328,119.019,117.033,117.402,107.962,107.154,,110.617,109.08,113.999,111.785,111.798,112.894,111.929,114.823,127.4,113.358,125.639,108.871,111.798,111.947,116.476,111.231,113.755,108.893,115.543,114.86,111.022,109.019,113.97,111.794,111.127,,,116.112,118.513,105.407,109.608,109.332,117.934,109.576,111.394,116.037,116.901,111.443,111.086,110.775,113.127,108.922,111.248,112.89,110.938,111.311
Jan-20,114.523,113.872,119.308,115.105,116.004,116.19,112.942,113.875,111.181,112.194,113.916,114.264,115.055,120.843,117.308,118.171,113.109,112.431,115.945,115.813,115.755,117.169,117.583,117.755,115.711,114.274,116.563,117.437,117.229,119.249,122.317,113.453,122.99,118.758,118.574,127.131,118.644,120.355,116.563,114.85,114.456,116.054,113.265,113.687,119.706,117.503,118.754,108.149,107.646,,111.042,109.901,114.566,112.318,112.412,113.361,112.239,115.38,128.607,113.743,126.676,109.141,112.332,112.507,117.474,111.625,114.097,109.595,116.517,115.5,111.355,109.401,114.187,112.146,111.604,,,116.597,118.874,105.583,109.958,109.332,118.598,109.913,111.572,116.911,118.431,111.831,111.356,111.11,113.127,109.1,111.75,113.404,111.363,111.591
Feb-20,114.877,114.312,119.784,115.595,116.393,116.645,113.316,114.255,111.821,112.299,114.322,114.759,115.487,121.422,117.754,118.695,113.597,112.786,116.55,116.425,116.154,117.689,118.054,118.456,116.344,114.515,116.992,117.9,117.776,119.67,122.326,113.716,123.346,119.026,118.97,127.265,118.98,120.814,116.924,115.08,114.833,116.426,113.641,113.969,119.972,117.808,119.91,108.334,107.976,,111.508,110.105,115.113,112.618,112.977,113.747,112.582,115.649,128.943,113.916,127.514,109.646,113.405,113.004,118.535,111.866,114.777,109.974,117.796,116.086,111.798,109.731,114.776,112.891,112.064,,,117.266,118.96,105.848,110.218,109.955,118.978,110.19,111.687,117.611,118.8,112.084,111.714,111.358,113.127,109.567,112.411,113.735,112.132,112.069
Mar-20,115.202,114.669,120.144,115.85,116.698,117.087,113.613,114.541,112.147,112.524,114.669,115.04,115.714,121.893,118.239,119.218,114.034,113.123,117.028,116.809,116.482,118.118,118.451,118.864,116.646,114.684,117.284,118.097,118.337,120.129,122.138,113.83,123.702,119.559,119.319,127.397,119.276,120.993,117.226,115.306,115.017,116.693,113.812,114.117,120.214,118.201,119.862,108.576,108.045,,111.823,110.351,115.513,112.869,113.386,114.15,112.861,116.023,129.277,114.263,126.997,110.064,113.914,113.507,119.075,112.419,115.152,110.021,118.779,116.682,112.105,110.088,114.841,113.303,112.441,,,118.279,119.444,105.957,110.602,110.742,119.51,110.266,111.743,118.294,119.218,112.47,112.078,111.645,113.338,109.953,113.019,113.584,113.374,112.453
Apr-20,115.444,114.96,120.506,116.062,117.009,117.376,113.986,114.803,112.324,112.642,114.905,115.315,116.099,122.326,118.76,119.621,114.332,113.372,117.468,117.19,116.884,118.508,118.727,119.177,117.016,114.781,117.387,118.416,118.544,120.607,121.789,113.932,123.974,119.779,119.727,127.679,119.546,121.304,117.47,115.517,115.221,116.844,113.754,114.217,120.52,118.635,120.235,108.724,108.181,,112.143,110.591,115.902,113.252,113.87,114.532,113.124,116.281,129.61,114.587,127.524,110.481,114.118,113.767,119.5,112.802,115.272,110.243,119.769,117.181,112.393,110.488,115.154,113.631,112.794,,,119.065,119.602,106.093,111.001,111.312,119.791,110.478,111.827,118.907,119.586,112.713,112.327,112.105,113.967,110.29,113.147,113.649,113.51,112.965
May-20,115.759,115.284,120.89,116.347,117.385,117.715,114.281,115.049,112.463,112.956,115.093,115.679,116.411,122.795,119.247,120.025,114.709,113.71,117.837,117.65,117.213,118.888,119.123,119.641,117.395,114.934,117.471,118.556,118.844,121.08,121.883,114.002,124.498,120.359,120.187,128.084,119.818,121.845,117.744,115.761,115.444,117.053,113.694,114.458,120.919,118.923,120.59,108.91,108.333,,112.387,110.867,116.286,113.58,114.329,114.806,113.426,116.487,129.827,114.813,127.106,110.879,114.617,114.139,120.107,112.952,115.91,110.562,120.361,117.616,112.708,110.916,115.603,114.047,113.097,,,119.527,119.831,106.257,111.292,111.503,120.043,110.672,111.827,119.426,119.917,113.022,112.584,112.392,114.016,110.414,113.373,113.788,113.679,113.232
Jun-20,116.135,115.649,121.306,116.773,117.685,118.067,114.597,115.396,112.56,113.192,115.498,116.087,116.888,123.23,119.669,120.562,115.104,114.239,118.271,118.105,117.567,119.281,119.657,120.138,117.705,115.117,117.756,118.889,119.135,121.633,122.33,114.109,125.022,120.697,120.558,128.089,120.242,122.302,118.171,116.025,115.671,117.261,113.979,114.706,121.394,119.272,120.59,109.222,108.56,,112.695,111.218,116.679,114.115,114.754,115.155,113.651,117.032,130.799,115.157,127.405,111.218,115.303,114.564,120.557,113.17,116.303,110.939,120.932,118.299,112.941,111.225,116.064,114.222,113.408,,,120.151,120.04,106.428,111.583,111.806,120.493,110.885,111.999,120.217,120.435,113.846,112.775,112.728,114.016,110.703,114.171,114.104,114.089,113.55
Jul-20,116.561,116.183,121.753,117.225,118.05,118.565,114.888,115.938,112.717,113.518,115.978,116.562,117.24,123.668,120.347,120.972,115.442,114.625,118.781,118.638,117.92,119.74,120.235,120.64,118.283,115.281,118.033,119.432,119.739,122.058,122.557,114.385,125.933,121.097,120.943,128.535,120.82,122.893,118.468,116.335,115.914,117.613,114.371,115.144,121.874,119.722,121.014,109.414,108.627,,113.055,111.556,117.141,114.397,115.32,115.518,113.91,117.42,132.033,117.032,127.699,111.575,115.704,114.998,121.298,113.547,116.871,111.366,123.049,118.74,113.161,111.535,116.777,114.557,113.844,,,121.082,120.419,106.615,112.022,112.373,121.444,110.917,112.108,121.177,120.594,114.205,113.509,113.117,114.684,110.778,115.926,114.46,114.483,113.933
Aug-20,117.01,116.646,122.136,117.697,118.406,118.918,115.185,116.331,112.979,113.871,116.505,117.002,117.736,124.133,120.732,121.382,115.885,115.17,119.134,119.023,118.338,120.286,120.777,121.165,118.744,115.39,118.314,119.855,120.343,122.468,123.162,114.595,126.424,121.497,121.24,128.712,121.199,123.326,118.63,116.606,116.343,118.003,114.608,115.599,122.424,120.169,121.501,109.557,108.731,,113.378,111.692,117.631,114.737,115.867,115.83,114.138,117.762,132.404,118.602,128.251,111.921,116.173,115.406,121.994,113.981,117.532,111.468,123.827,118.993,113.451,111.899,116.866,114.908,114.297,,,121.81,120.649,106.769,112.213,112.633,121.752,110.917,112.14,121.951,121.044,114.636,114.035,113.455,115.099,111.083,116.813,114.773,115.137,114.274
